province,year,urban_population_10k_person
上海市,2012,2142.307
上海市,2013,2193.408
上海市,2014,2203.031
上海市,2015,2176.0674
上海市,2016,2195.63
上海市,2017,2197.206
上海市,2018,2205.9675
上海市,2019,2213.5482
上海市,2020,2221.784
上海市,2021,2222.677
上海市,2022,2210.9175
上海市,2023,2224.8702
云南省,2012,1781.5457
云南省,2013,1855.9359
云南省,2014,1917.5013
云南省,2015,2001.8259
云南省,2016,2087.8128
云南省,2017,2172.3897
云南省,2018,2231.1032
云南省,2019,2294.3038
云南省,2020,2363.361
云南省,2021,2394.245
云南省,2022,2427.2196
云南省,2023,2472.9516
内蒙古自治区,2012,1439.4688
内蒙古自治区,2013,1468.581
内蒙古自治区,2014,1493.1553
内蒙古自治区,2015,1514.996
内蒙古自治区,2016,1544.424
内蒙古自治区,2017,1571.718
内蒙古自治区,2018,1586.6522
内蒙古自治区,2019,1605.009
内蒙古自治区,2020,1621.5444
内蒙古自治区,2021,1637.04
内蒙古自治区,2022,1647.086
内蒙古自治区,2023,1667.1368
北京市,2012,1793.1062
北京市,2013,1835.7875
北京市,2014,1877.915
北京市,2015,1897.2148
北京市,2016,1904.382
北京市,2017,1907.2442
北京市,2018,1909.0128
北京市,2019,1912.965
北京市,2020,1916.4695
北京市,2021,1915.375
北京市,2022,1912.5288
北京市,2023,1919.9638
吉林省,2012,1471.4892
吉林省,2013,1487.1432
吉林省,2014,1500.9202
吉林省,2015,1506.1332
吉林省,2016,1508.1125
吉林省,2017,1508.2746
吉林省,2018,1511.514
吉林省,2019,1508.7024
吉林省,2020,1502.7336
吉林省,2021,1504.8
吉林省,2022,1496.1456
吉林省,2023,1514.0347
四川省,2012,3504.8475
四川省,2013,3645.8064
四川省,2014,3785.4489
四川省,2015,3956.2092
四川省,2016,4125.5
四川省,2017,4292.0442
四川省,2018,4451.735
四川省,2019,4623.1136
四川省,2020,4748.8683
四川省,2021,4840.6904
四川省,2022,4886.229
四川省,2023,4978.1232
天津市,2012,1123.759
天津市,2013,1160.289
天津市,2014,1179.6395
天津市,2015,1192.6432
天津市,2016,1201.5861
天津市,2017,1178.337
天津市,2018,1161.0285
天津市,2019,1167.6935
天津市,2020,1174.789
天津市,2021,1165.4024
天津市,2022,1160.0493
天津市,2023,1166.0836
宁夏回族自治区,2012,337.0785
宁夏回族自治区,2013,351.9144
宁夏回族自治区,2014,371.6796
宁夏回族自治区,2015,389.7432
宁夏回族自治区,2016,408.243
宁夏回族自治区,2017,429.6975
宁夏回族自治区,2018,441.265
宁夏回族自治区,2019,456.2271
宁夏回族自治区,2020,468.3616
宁夏回族自治区,2021,478.79
宁夏回族自治区,2022,482.9552
宁夏回族自治区,2023,490.6899
安徽省,2012,2767.814
安徽省,2013,2866.4556
安徽省,2014,2957.1207
安徽省,2015,3063.8067
安徽省,2016,3174.5646
安徽省,2017,3288.3453
安徽省,2018,3381.294
安徽省,2019,3473.6584
安徽省,2020,3561.0465
安徽省,2021,3630.5107
安徽省,2022,3685.3905
安徽省,2023,3765.0271
山东省,2012,5051.0724
山东省,2013,5210.2116
山东省,2014,5371.8416
山东省,2015,5620.6602
山东省,2016,5897.0349
山东省,2017,6099.0607
山东省,2018,6193.3242
山东省,2019,6251.5716
山东省,2020,6409.0325
山东省,2021,6502.698
山东省,2022,6559.2002
山东省,2023,6633.6019
山西省,2012,1820.8336
山西省,2013,1869.308
山西省,2014,1915.704
山西省,2015,1966.0653
山西省,2016,2012.4678
山西省,2017,2056.509
山西省,2018,2095.947
山西省,2019,2143.3113
山西省,2020,2182.297
山西省,2021,2207.016
山西省,2022,2226.4476
山西省,2023,2251.8602
广东省,2012,7414.0315
广东省,2013,7673.743
广东省,2014,7883.7518
广东省,2015,8117.3778
广东省,2016,8353.462
广东省,2017,8588.5434
广东省,2018,8867.0988
广东省,2019,9073.2585
广东省,2020,9360.696
广东省,2021,9466.0692
广东省,2022,9466.1703
广东省,2023,9582.8652
广西壮族自治区,2012,2040.9512
广西壮族自治区,2013,2134.1541
广西壮族自治区,2014,2219.958
广西壮族自治区,2015,2308.7989
广西壮族自治区,2016,2391.5868
广西壮族自治区,2017,2482.4513
广西壮族自治区,2018,2563.5354
广西壮族自治区,2019,2639.4636
广西壮族自治区,2020,2720.298
广西壮族自治区,2021,2774.3796
广西壮族自治区,2022,2808.6555
广西壮族自治区,2023,2854.3306
新疆维吾尔自治区,2012,996.2766
新疆维吾尔自治区,2013,1026.879
新疆维吾尔自治区,2014,1087.8675
新疆维吾尔自治区,2015,1163.403
新疆维吾尔自治区,2016,1224.1976
新疆维吾尔自治区,2017,1287.12
新疆维吾尔自治区,2018,1361.052
新疆维吾尔自治区,2019,1420.5009
新疆维吾尔自治区,2020,1464.127
新疆维吾尔自治区,2021,1482.4614
新疆维吾尔自治区,2022,1497.6143
新疆维吾尔自治区,2023,1539.0552
江苏省,2012,5116.412
江苏省,2013,5274.8288
江苏省,2014,5440.617
江苏省,2015,5611.7935
江苏省,2016,5777.0233
江苏省,2017,5911.2614
江苏省,2018,6012.7074
江苏省,2019,6137.4843
江苏省,2020,6225.5088
江苏省,2021,6288.597
江苏省,2022,6336.863
江苏省,2023,6397.9104
江西省,2012,2120.7025
江西省,2013,2195.0304
江西省,2014,2264.64
江西省,2015,2345.655
江西省,2016,2427.3904
江西省,2017,2512.627
江西省,2018,2587.7542
江西省,2019,2667.6012
江西省,2020,2731.2836
江西省,2021,2776.1482
江西省,2022,2810.5296
江西省,2023,2850.3195
河北省,2012,3384.092
河北省,2013,3499.6976
河北省,2014,3614.6328
河北省,2015,3795.1615
河北省,2016,3972.9125
河北省,2017,4129.7766
河北省,2018,4257.3258
河北省,2019,4376.6019
河北省,2020,4483.6248
河北省,2021,4553.7072
河北省,2022,4574.43
河北省,2023,4640.5861
河南省,2012,4002.4868
河南省,2013,4173.828
河南省,2014,4345.0725
河南省,2015,4561.4102
河南省,2016,4769.7084
河南省,2017,4969.5424
河南省,2018,5152.9536
河南省,2019,5347.5301
河南省,2020,5510.2963
河南省,2021,5578.9535
河南省,2022,5633.9504
河南省,2023,5700.552
浙江省,2012,3576.4335
浙江省,2013,3698.2896
浙江省,2014,3826.144
浙江省,2015,3969.252
浙江省,2016,4111.9584
浙江省,2017,4251.747
浙江省,2018,4392.3546
浙江省,2019,4563.225
浙江省,2020,4667.9556
浙江省,2021,4751.964
浙江省,2022,4826.2026
浙江省,2023,4919.2221
海南省,2012,464.282
海南省,2013,480.976
海南省,2014,498.888
海南省,2015,518.8995
海南省,2016,542.619
海南省,2017,564.1488
海南省,2018,580.6566
海南省,2019,590.7315
海南省,2020,609.9324
海南省,2021,621.894
海南省,2022,631.5023
海南省,2023,651.4578
湖北省,2012,3077.2263
湖北省,2013,3160.4898
湖北省,2014,3241.2568
湖北省,2015,3345.03
湖北省,2016,3446.8445
湖北省,2017,3535.3152
湖北省,2018,3609.37
湖北省,2019,3664.6641
湖北省,2020,3613.0305
湖北省,2021,3736.447
湖北省,2022,3779.3148
湖北省,2023,3822.1386
湖南省,2012,3045.898
湖南省,2013,3143.58
湖南省,2014,3238.0678
湖南省,2015,3359.7585
湖南省,2016,3491.375
湖南省,2017,3622.9446
湖南省,2018,3721.5715
湖南省,2019,3814.68
湖南省,2020,3904.602
湖南省,2021,3953.9962
湖南省,2022,3982.8724
湖南省,2023,4016.9888
甘肃省,2012,988.89
甘肃省,2013,1027.485
甘肃省,2014,1070.1068
甘肃省,2015,1116.1752
甘肃省,2016,1160.964
甘肃省,2017,1213.5864
甘肃省,2018,1249.7035
甘肃省,2019,1272.063
甘肃省,2020,1306.2723
甘肃省,2021,1327.917
甘肃省,2022,1350.4148
甘肃省,2023,1367.8285
福建省,2012,2278.4812
福建省,2013,2362.08
福建省,2014,2445.5055
福建省,2015,2518.6848
福建省,2016,2585.9024
福建省,2017,2673.957
福建省,2018,2748.8592
福建省,2019,2807.7819
福建省,2020,2860.6875
福建省,2021,2918.339
福建省,2022,2936.2068
福建省,2023,2971.6032
贵州省,2012,1302.081
贵州省,2013,1376.1648
贵州省,2014,1479.6248
贵州省,2015,1592.9568
贵州省,2016,1712.1448
贵州省,2017,1816.3128
贵州省,2018,1893.4188
贵州省,2019,1980.9504
贵州省,2020,2050.527
贵州省,2021,2092.7916
贵州省,2022,2113.4736
贵州省,2023,2162.081
辽宁省,2012,2872.1875
辽宁省,2013,2900.5425
辽宁省,2014,2922.039
辽宁省,2015,2952.009
辽宁省,2016,2980.0049
辽宁省,2017,2996.4088
辽宁省,2018,3014.8566
辽宁省,2019,3045.6517
辽宁省,2020,3069.557
辽宁省,2021,3079.1349
辽宁省,2022,3063.81
辽宁省,2023,3074.1882
重庆市,2012,1685.04
重庆市,2013,1755.1119
重庆市,2014,1817.8882
重庆市,2015,1887.129
重庆市,2016,1969.563
重庆市,2017,2043.6
重庆市,2018,2106.8743
重庆市,2019,2175.4912
重庆市,2020,2228.9714
重庆市,2021,2258.6784
重庆市,2022,2279.9448
重庆市,2023,2286.9897
陕西省,2012,1882.5177
陕西省,2013,1961.7228
陕西省,2014,2028.6927
陕西省,2015,2105.3004
陕西省,2016,2184.5486
陕西省,2017,2267.0528
陕西省,2018,2344.8415
陕西省,2019,2416.8832
陕西省,2020,2478.203
陕西省,2021,2515.9302
陕西省,2022,2532.6312
陕西省,2023,2575.1232
青海省,2012,273.2235
青海省,2013,281.4459
青海省,2014,292.8384
青海省,2015,298.1359
青海省,2016,311.661
青海省,2017,324.937
青海省,2018,336.1749
青海省,2019,346.802
青海省,2020,356.2744
青海省,2021,362.4588
青海省,2022,365.5085
青海省,2023,373.032
黑龙江省,2012,2118.2112
黑龙江省,2013,2127.7464
黑龙江省,2014,2136.6576
黑龙江省,2015,2133.9863
黑龙江省,2016,2115.5467
黑龙江省,2017,2103.981
黑龙江省,2018,2111.3142
黑龙江省,2019,2103.381
黑龙江省,2020,2080.4931
黑龙江省,2021,2052.8125
黑龙江省,2022,2051.8479
黑龙江省,2023,2054.9082
