province,year,passenger_turnover_100m_pkm
上海市,2012,182.0791
上海市,2013,195.00047
上海市,2014,209.86722
上海市,2015,215.2147
上海市,2016,214.415751
上海市,2017,224.80527
上海市,2018,218.70236
上海市,2019,226.94276029
上海市,2020,114.55805
上海市,2021,134.65440447
上海市,2022,76.10524988
上海市,2023,191.66
云南省,2012,568.68936
云南省,2013,431.85151
云南省,2014,437.32059
云南省,2015,456.5754
云南省,2016,446.0563
云南省,2017,453.38615
云南省,2018,431.57236
云南省,2019,441.48459
云南省,2020,263.72358
云南省,2021,283.36347363
云南省,2022,247.52362421
云南省,2023,469.55
内蒙古自治区,2012,436.44803
内蒙古自治区,2013,360.51084
内蒙古自治区,2014,363.1299612
内蒙古自治区,2015,371.1438
内蒙古自治区,2016,374.97338
内蒙古自治区,2017,362.66064
内蒙古自治区,2018,337.14034129
内蒙古自治区,2019,313.24822647
内蒙古自治区,2020,164.8982
内蒙古自治区,2021,164.81723946
内蒙古自治区,2022,88.98093807
内蒙古自治区,2023,252.96
北京市,2012,421.15896
北京市,2013,254.03861
北京市,2014,273.928081
北京市,2015,279.4316
北京市,2016,268.494002
北京市,2017,253.159006
北京市,2018,254.43275367
北京市,2019,263.68305778
北京市,2020,114.3644
北京市,2021,149.59260991
北京市,2022,88.60912163
北京市,2023,295.37
吉林省,2012,536.21816
吉林省,2013,413.70833
吉林省,2014,424.4740074
吉林省,2015,430.3086
吉林省,2016,431.2732871
吉林省,2017,425.36222812
吉林省,2018,427.27967008
吉林省,2019,424.8877142
吉林省,2020,198.85815
吉林省,2021,208.72314303
吉林省,2022,122.48075509
吉林省,2023,335.83
四川省,2012,1310.24622
四川省,2013,912.12292
四川省,2014,954.6639702
四川省,2015,987.7606
四川省,2016,941.59585416
四川省,2017,881.5152864
四川省,2018,878.30132411
四川省,2019,872.6787971
四川省,2020,560.29492
四川省,2021,596.57094066
四川省,2022,392.56807865
四川省,2023,814.18
天津市,2012,314.66429
天津市,2013,267.09188
天津市,2014,246.736002
天津市,2015,252.3024
天津市,2016,262.045877
天津市,2017,266.91166959
天津市,2018,276.51083675
天津市,2019,287.40195998
天津市,2020,143.51736
天津市,2021,171.01141712
天津市,2022,97.50161569
天津市,2023,233.18
宁夏回族自治区,2012,120.97293
宁夏回族自治区,2013,102.94618
宁夏回族自治区,2014,114.2449748
宁夏回族自治区,2015,115.5232
宁夏回族自治区,2016,109.719566
宁夏回族自治区,2017,99.19000764
宁夏回族自治区,2018,88.30616647
宁夏回族自治区,2019,87.03601093
宁夏回族自治区,2020,52.51051
宁夏回族自治区,2021,55.91924115
宁夏回族自治区,2022,36.5463615
宁夏回族自治区,2023,85.7
安徽省,2012,1824.56642
安徽省,2013,1286.26462
安徽省,2014,1417.3365
安徽省,2015,1218.2161
安徽省,2016,1187.36229
安徽省,2017,1153.68501
安徽省,2018,1163.66088914
安徽省,2019,1164.809739
安徽省,2020,697.28725
安徽省,2021,753.60346031
安徽省,2022,483.56272102
安徽省,2023,1050.66
山东省,2012,1836.14133
山东省,2013,1083.75315
山东省,2014,1143.600878
山东省,2015,1147.3167
山东省,2016,1188.919256
山东省,2017,1247.259492
山东省,2018,1289.608743
山东省,2019,1337.98339713
山东省,2020,596.23669
山东省,2021,706.81343451
山东省,2022,415.30516208
山东省,2023,1053.39
山西省,2012,423.07219
山西省,2013,386.55185
山西省,2014,384.5105627
山西省,2015,380.0454
山西省,2016,360.56017747
山西省,2017,373.75555253
山西省,2018,393.9474099
山西省,2019,395.57288854
山西省,2020,226.27223
山西省,2021,221.31781967
山西省,2022,119.14342624
山西省,2023,316.2
广东省,2012,2998.22997
广东省,2013,1780.93005
广东省,2014,2315.3711731
广东省,2015,1796.5176
广东省,2016,1887.44507057
广东省,2017,2012.47233474
广东省,2018,2085.58682667
广东省,2019,2125.72018593
广东省,2020,1190.90725
广东省,2021,940.86037192
广东省,2022,722.95433183
广东省,2023,1315.17
广西壮族自治区,2012,1047.97759
广西壮族自治区,2013,611.3252
广西壮族自治区,2014,652.6753613
广西壮族自治区,2015,731.752
广西壮族自治区,2016,743.8273869
广西壮族自治区,2017,778.314907
广西壮族自治区,2018,816.6452577
广西壮族自治区,2019,817.45355101
广西壮族自治区,2020,553.95567
广西壮族自治区,2021,521.94355312
广西壮族自治区,2022,377.78337865
广西壮族自治区,2023,663.57
新疆维吾尔自治区,2012,535.80965
新疆维吾尔自治区,2013,544.45657
新疆维吾尔自治区,2014,499.9996
新疆维吾尔自治区,2015,477.2937
新疆维吾尔自治区,2016,458.05873
新疆维吾尔自治区,2017,428.54002
新疆维吾尔自治区,2018,405.7646
新疆维吾尔自治区,2019,414.53264
新疆维吾尔自治区,2020,184.96771
新疆维吾尔自治区,2021,260.78268641
新疆维吾尔自治区,2022,193.12008036
新疆维吾尔自治区,2023,452.47
江苏省,2012,1872.39437
江苏省,2013,1365.25451
江苏省,2014,1455.20633
江苏省,2015,1453.6881
江苏省,2016,1468.47897478
江苏省,2017,1515.260657
江苏省,2018,1539.336814
江苏省,2019,1565.759858
江苏省,2020,943.14893
江苏省,2021,991.52968002
江苏省,2022,620.7208927
江苏省,2023,1353.9
江西省,2012,956.26444
江西省,2013,930.68976
江西省,2014,971.3456
江西省,2015,953.81
江西省,2016,970.66656
江西省,2017,1000.29423
江西省,2018,993.72611
江西省,2019,984.2391
江西省,2020,631.35441
江西省,2021,603.90612078
江西省,2022,455.61256597
江西省,2023,864.63
河北省,2012,1369.19841
河北省,2013,1163.71711
河北省,2014,1276.6641927
河北省,2015,1213.2112
河北省,2016,1238.11789639
河北省,2017,1282.7826219
河北省,2018,1289.20397105
河北省,2019,1311.10854267
河北省,2020,603.56559
河北省,2021,682.13449941
河北省,2022,382.21429921
河北省,2023,1118.16
河南省,2012,2084.0219
河南省,2013,1574.69328
河南省,2014,1746.0308449
河南省,2015,1630.5909
河南省,2016,1684.26681813
河南省,2017,1761.74287855
河南省,2018,1775.08527543
河南省,2019,1798.68427756
河南省,2020,927.11867
河南省,2021,985.31965921
河南省,2022,639.53380319
河南省,2023,1543.3
浙江省,2012,1317.60055
浙江省,2013,1025.10234
浙江省,2014,1076.763419
浙江省,2015,1092.529
浙江省,2016,1074.99012106
浙江省,2017,1096.04027064
浙江省,2018,1103.66314581
浙江省,2019,1128.5960755
浙江省,2020,674.08969
浙江省,2021,713.62309789
浙江省,2022,490.72595941
浙江省,2023,995.36
海南省,2012,173.05198
海南省,2013,112.40294
海南省,2014,120.4778681
海南省,2015,112.9278
海南省,2016,120.359087
海南省,2017,129.29108947
海南省,2018,130.53502948
海南省,2019,130.3591436
海南省,2020,74.6452
海南省,2021,89.94152008
海南省,2022,59.95459922
海南省,2023,105.36
湖北省,2012,1361.46872
湖北省,2013,1052.36896
湖北省,2014,1209.011538
湖北省,2015,1218.6759
湖北省,2016,1232.324917
湖北省,2017,1278.1419
湖北省,2018,1258.9112185
湖北省,2019,1200.36031086
湖北省,2020,522.91948
湖北省,2021,620.76670757
湖北省,2022,474.65507514
湖北省,2023,915.0
湖南省,2012,1636.84223
湖南省,2013,1565.06292
湖南省,2014,1660.6915359
湖南省,2015,1527.5228
湖南省,2016,1500.84702182
湖南省,2017,1500.540383
湖南省,2018,1463.100391
湖南省,2019,1442.96307643
湖南省,2020,834.6134
湖南省,2021,857.6895596
湖南省,2022,687.10255892
湖南省,2023,1218.74
甘肃省,2012,666.40543
甘肃省,2013,595.40928
甘肃省,2014,607.0504489
甘肃省,2015,619.6549
甘肃省,2016,613.38723973
甘肃省,2017,619.64863762
甘肃省,2018,634.71144034
甘肃省,2019,647.066944
甘肃省,2020,378.72142
甘肃省,2021,335.89603475
甘肃省,2022,208.9147091
甘肃省,2023,519.54
福建省,2012,556.01945
福建省,2013,542.69146
福建省,2014,622.7255161
福建省,2015,575.4797
福建省,2016,593.27246203
福建省,2017,604.22848377
福建省,2018,599.98814517
福建省,2019,588.89486175
福建省,2020,314.56353
福建省,2021,313.97265277
福建省,2022,260.40480275
福建省,2023,494.05
贵州省,2012,631.85162
贵州省,2013,593.61745
贵州省,2014,635.4968572
贵州省,2015,658.2338
贵州省,2016,674.86188
贵州省,2017,720.1303
贵州省,2018,798.66674
贵州省,2019,832.93999
贵州省,2020,524.46784
贵州省,2021,410.1639302
贵州省,2022,319.86776851
贵州省,2023,544.53
辽宁省,2012,976.99227
辽宁省,2013,941.67484
辽宁省,2014,991.22086
辽宁省,2015,923.7644
辽宁省,2016,936.085663
辽宁省,2017,939.833242
辽宁省,2018,938.79126622
辽宁省,2019,945.215929
辽宁省,2020,431.81573
辽宁省,2021,431.43247149
辽宁省,2022,269.11851272
辽宁省,2023,698.59
重庆市,2012,597.87041
重庆市,2013,465.42613
重庆市,2014,507.127547
重庆市,2015,533.554
重庆市,2016,506.294615
重庆市,2017,496.341228
重庆市,2018,493.102412
重庆市,2019,487.94907164
重庆市,2020,271.10714
重庆市,2021,281.17308045
重庆市,2022,206.60364698
重庆市,2023,411.69
陕西省,2012,897.97293
陕西省,2013,745.21897
陕西省,2014,804.42343
陕西省,2015,758.2992
陕西省,2016,755.66913
陕西省,2017,760.86112
陕西省,2018,797.96571
陕西省,2019,803.82916
陕西省,2020,452.57843
陕西省,2021,435.5309789
陕西省,2022,278.81285085
陕西省,2023,673.77
青海省,2012,110.11429
青海省,2013,95.29734
青海省,2014,102.8892989
青海省,2015,119.1779
青海省,2016,125.10571967
青海省,2017,136.802204
青海省,2018,141.0082983
青海省,2019,128.23494341
青海省,2020,88.62404
青海省,2021,85.01140902
青海省,2022,43.33372045
青海省,2023,147.53
黑龙江省,2012,559.55234
黑龙江省,2013,473.30605
黑龙江省,2014,493.086817
黑龙江省,2015,487.5416
黑龙江省,2016,471.07557991
黑龙江省,2017,452.04801734
黑龙江省,2018,433.75403116
黑龙江省,2019,428.99607292
黑龙江省,2020,177.54228
黑龙江省,2021,190.24455935
黑龙江省,2022,126.26044492
黑龙江省,2023,342.01
