province,year,transport_co2_est_10k_ton,nev_stock_10k,gdp_per_capita_yuan,urbanization_rate,passenger_turnover_100m_pkm,freight_turnover_100m_tkm,road_mileage_10k_km,tertiary_share,gdp_100m_cny,tertiary_value_added_100m_cny,resident_population_10k_person,urban_population_10k_person
上海市,2012,943.0720200000001,0.0,90766.5694039183,0.8929999999999999,182.0791,20373.36566,1.2541,0.6186710386729675,21774.9,13471.5,2399.0,2142.307
上海市,2013,945.9330299999999,0.0,97260.62091503268,0.8959999999999999,195.00047,14332.707,1.2633,0.6464337614555595,23809.4,15391.2,2448.0,2193.408
上海市,2014,949.8819599999999,0.0,105247.26388325902,0.893,209.86722,18633.35837,1.2945,0.6624159910647229,25964.5,17199.3,2467.0,2203.031
上海市,2015,976.5938699999999,0.0,113187.95768917819,0.8853,215.2147,19495.8847,1.3195,0.6932563188314116,27821.6,19287.5,2458.0,2176.0674
上海市,2016,1066.39587,0.0,125512.36319416296,0.89,214.415751,19317.76079131,1.3292,0.7195249952363881,30963.9,22279.3,2467.0,2195.63
上海市,2017,1009.22625,14.0,139409.16463909164,0.891,224.80527,24998.71121332,1.3321991,0.7196865464551766,34378.3,24741.6,2466.0,2197.206
上海市,2018,780.45453,21.0,152602.42424242425,0.8913000000000001,218.70236,28299.85331856,1.3106395,0.7229057615881767,37769.1,27303.5,2475.0,2205.9675
上海市,2019,823.29678,30.0,162197.5010076582,0.8922000000000001,226.94276029,30324.9015458153,1.3044643,0.7409595141297973,40241.2,29817.1,2481.0,2213.5482
上海市,2020,776.2987800000001,42.0,167218.24758842445,0.893,114.55805,32794.99581,1.2916607,0.74847550349847,41603.9,31139.5,2488.0,2221.784
上海市,2021,828.0757800000001,63.5,189069.50582563278,0.893,134.65440447,34074.59558991,1.3082497,0.7551732491276981,47059.4,35538.0,2489.0,2222.677
上海市,2022,717.51438,99.89736334706105,196341.41414141413,0.8933,76.10524988,32369.68911696,1.3004808,0.7636275710214119,48594.5,37108.1,2475.0,2210.9175
上海市,2023,606.95298,128.8442,206692.80257338157,0.8946,191.66,32789.82488474,1.2989,0.7734906477059401,51404.5,39760.9,2487.0,2224.8702
云南省,2012,1788.056865,0.0,24328.006909954653,0.3847,568.68936,1123.35141,21.9052,0.4586687732440997,11266.3,5167.5,4631.0,1781.5457
云南省,2013,1661.7697199999998,0.0,28069.381598793363,0.3999,431.85151,1361.92131,22.294,0.47194288784831506,13027.0,6148.0,4641.0,1855.9359
云南省,2014,1862.0810567325,0.0,30679.346658070062,0.41209999999999997,437.32059,1445.5753,23.0398,0.4827356726047453,14275.1,6891.1,4653.0,1917.5013
云南省,2015,1754.73612,0.0,32937.16491529059,0.4293,456.5754,1500.2748,23.6007,0.5070514239579128,15358.6,7787.6,4663.0,2001.8259
云南省,2016,1811.8541026100743,0.0,35864.01539448364,0.4464,446.0563,1600.07056,23.8052,0.5246756808317834,16773.6,8800.7,4677.0,2087.8128
云南省,2017,1828.3303647400382,0.75,40197.31515022374,0.46290000000000003,453.38615,1824.96016,24.2546303,0.5411458498987523,18864.6,10208.5,4693.0,2172.3897
云南省,2018,2072.2257,1.5,45561.34382309164,0.4744,431.57236,1971.9122876,25.2928626,0.544221211060553,21427.5,11661.3,4703.0,2231.1032
云南省,2019,2276.45424,2.25,50704.49724225711,0.4867,441.48459,1552.04805850466,26.2408664,0.5318486660167935,23902.1,12712.3,4714.0,2294.3038
云南省,2020,2270.12796,3.0,53397.924608216854,0.5005,263.72358,1579.74462,29.2479297,0.522516805806183,25214.5,13175.0,4722.0,2363.361
云南省,2021,2354.7708900000002,5.0,59478.25159914712,0.5105,283.36347363,1868.28472773,30.0889578,0.5207974103164332,27895.3,14527.8,4690.0,2394.245
云南省,2022,2257.1424,21.311437514039685,62435.755380353716,0.5172,247.52362421,1999.7439292,31.6091067,0.5226220176034347,29301.1,15313.4,4693.0,2427.2196
云南省,2023,2159.5139099999997,35.00517241198108,65473.57158142521,0.5292,469.55,2062.08860701,32.9344,0.5354656521483341,30595.8,16383.0,4673.0,2472.9516
内蒙古自治区,2012,2235.261578418734,0.0,43177.353896103894,0.5842,436.44803,5870.34231,16.3763,0.43539275676996686,10638.9,4632.1,2464.0,1439.4688
内蒙古自治区,2013,1277.18496,0.0,47189.00203665988,0.5982,360.51084,4461.95848,16.7515,0.4429818125318302,11584.9,5131.9,2455.0,1468.581
内蒙古自治区,2014,1163.17404,0.0,50540.22049816252,0.6096999999999999,363.1299612,4471.0767728,17.2167,0.454452909762226,12377.3,5624.9,2449.0,1493.1553
内蒙古自治区,2015,1036.8234,0.0,53535.65573770492,0.6209,371.1438,4190.3008,17.5374,0.471793733301691,13062.7,6162.9,2440.0,1514.996
内蒙古自治区,2016,983.0280464999998,0.0,56974.54844006568,0.634,374.97338,4341.74245,19.6061,0.4790474818070466,13879.0,6648.7,2436.0,1544.424
内蒙古自治区,2017,1036.69371,0.375,61692.97163995068,0.646,362.66064,5146.75571,19.942289,0.49873083764715287,15009.9,7485.9,2433.0,1571.718
内蒙古自治区,2018,930.29148,0.75,67105.28488852188,0.6551,337.14034129,5595.97503964,20.2641446,0.5024826338684174,16252.9,8166.8,2422.0,1586.6522
内蒙古自治区,2019,970.28739,1.125,72378.46790890269,0.6646,313.24822647,4689.49239389261,20.6089388,0.505864045676625,17479.4,8842.2,2415.0,1605.009
内蒙古自治区,2020,935.44866,1.5,73339.1593841032,0.6748,164.8982,4567.3574973,21.0216772,0.4996141493695881,17623.4,8804.9,2403.0,1621.5444
内蒙古自治区,2021,1187.6372099999999,2.5,89936.66666666667,0.6821,164.81723946,4933.8214662,21.2603313,0.44399762796041664,21584.8,9583.6,2400.0,1637.04
内蒙古自治区,2022,1138.61601,6.659824223137402,99107.45522698875,0.686,88.98093807,5220.70796796,21.6176003,0.4296532566808289,23795.7,10223.9,2401.0,1647.086
内蒙古自治区,2023,1089.59481,14.361096374146085,104426.12687813022,0.6958,252.96,5556.14319956,21.9407,0.449463439979217,25020.5,11245.8,2396.0,1667.1368
北京市,2012,492.0692652,0.0,94168.9124157844,0.8629,421.15896,1001.12637,2.1492,0.7953629083773246,19568.3,15563.9,2078.0,1793.1062
北京市,2013,517.56588,0.0,102334.11764705883,0.8639,254.03861,1051.1407,2.1673,0.8009702933872896,21746.0,17417.9,2125.0,1835.7875
北京市,2014,527.6929464,0.0,108602.02671579918,0.865,273.928081,1036.7093,2.1849,0.8052295620824939,23577.5,18985.3,2171.0,1877.915
北京市,2015,495.92925,0.0,118985.83180987203,0.8671,279.4316,901.4125,2.1885,0.824837424762139,26034.1,21473.9,2188.0,1897.2148
北京市,2016,462.0448332,0.0,129561.2756264237,0.8676,268.494002,825.43477,2.2026,0.8313741486073555,28438.7,23643.2,2195.0,1904.382
北京市,2017,455.2716816,15.0,142779.85414767548,0.8693000000000001,253.159006,958.415862,2.222597,0.8349193478878499,31325.9,26154.6,2194.0,1907.2442
北京市,2018,465.41781,22.0,160407.84671532846,0.8709,254.43275367,1034.22183097,2.2255827,0.8407941663301234,35161.4,29563.5,2192.0,1909.0128
北京市,2019,454.50126,30.0,172452.05479452055,0.8734999999999999,263.68305778,1089.40378250647,2.2365936,0.84305610718352,37767.0,31839.7,2190.0,1912.965
北京市,2020,291.67506000000003,39.0,175895.84285061673,0.8755,114.3644,1032.77888,2.2264044,0.843960045294466,38503.6,32495.5,2189.0,1916.4695
北京市,2021,331.48341,50.7,202607.1265417999,0.875,149.59260991,1077.31190663,2.2319933,0.8231459706385694,44350.7,36507.1,2189.0,1915.375
北京市,2022,285.96312,71.03812504679895,207062.27106227106,0.8757,88.60912163,1017.05876016,2.2362788,0.8436217449759411,45222.4,38150.6,2184.0,1912.5288
北京市,2023,272.06208000000004,91.5519893851813,216622.59835315644,0.8783,295.37,1062.59632638,2.2433,0.8519883345968743,47353.7,40344.8,2186.0,1919.9638
吉林省,2012,865.91043,0.0,32732.765011119347,0.5454,536.21816,1596.10848,9.3208,0.48923714515416766,8831.3,4320.6,2698.0,1471.4892
吉林省,2013,731.0639699999999,0.0,36014.24287856072,0.5574,413.70833,1681.34804,9.4191,0.4981266781841267,9608.6,4786.3,2668.0,1487.1432
吉林省,2014,784.00818,0.0,38141.55942467827,0.5681,424.4740074,1703.810912,9.6041,0.49636796665674304,10077.0,5001.9,2642.0,1500.9202
吉林省,2015,725.0347800000001,0.0,38893.6088786835,0.5764,430.3086,1425.3461,9.7326,0.4973481978569109,10162.9,5054.5,2613.0,1506.1332
吉林省,2016,703.14102,0.0,41306.97312037398,0.5875,431.2732871,1478.517705,10.2484,0.5254962983920404,10603.5,5572.1,2567.0,1508.1125
吉林省,2017,796.4643599999999,0.5,43875.6927949327,0.5971,425.36222812,1634.654635,10.3895729,0.5406568618605071,11083.0,5992.1,2526.0,1508.2746
吉林省,2018,833.7028499999999,1.0,46044.28341384863,0.6084999999999999,427.27967008,1704.71421,10.5398933,0.5442757969468586,11437.4,6225.1,2484.0,1511.514
吉林省,2019,826.54605,1.5,48812.90849673202,0.6163,424.8877142,1802.72721825858,10.6659942,0.5439687348318745,11949.4,6500.1,2448.0,1508.7024
吉林省,2020,799.7897700000001,2.0,52102.95956648604,0.6264,198.85815,1865.05675,10.7848061,0.5287491499659986,12499.5,6609.1,2399.0,1502.7336
吉林省,2021,855.4491899999999,3.0,56552.0,0.6335999999999999,208.72314303,2068.57547858,10.8691379,0.5333442532629494,13431.1,7163.4,2375.0,1504.8
吉林省,2022,479.30202,7.547800786222389,55883.30494037479,0.6372,122.48075509,1873.54981669,10.9761326,0.5454753303763318,13121.4,7157.4,2348.0,1496.1456
吉林省,2023,453.06477,17.50258620599054,59609.66224882429,0.6473,335.83,2012.98620688,11.0465,0.5645248050951394,13942.7,7871.0,2339.0,1514.0347
四川省,2012,1111.65822,0.0,29962.77056277056,0.4335,1310.24622,2238.28492,29.3499,0.4066600894121337,24224.9,9851.3,8085.0,3504.8475
四川省,2013,867.69135,0.0,33121.71661117277,0.4496,912.12292,2248.59825,30.1816,0.4163315759687844,26858.4,11182.0,8109.0,3645.8064
四川省,2014,1231.62714,0.0,36070.15603882541,0.46509999999999996,954.6639702,2465.1254716,30.9742,0.43430128587243466,29357.5,12750.0,8139.0,3785.4489
四川省,2015,1093.78746,0.0,37614.812103465105,0.48269999999999996,987.7606,2387.4394,31.5582,0.45332818668076597,30829.1,13975.7,8196.0,3956.2092
四川省,2016,1681.4473200000002,0.0,41060.71991273785,0.5,941.59585416,2504.11279718,32.4138,0.48786571111478433,33879.2,16528.5,8251.0,4125.5
四川省,2017,1748.59353,2.333333333333333,46467.72831463385,0.5178,881.5152864,2696.16962003,32.995047,0.5110820908116136,38517.1,19685.4,8289.0,4292.0442
四川省,2018,2121.6040199999998,4.666666666666667,52324.239875015024,0.5349999999999999,878.30132411,2946.09497412,33.1592258,0.5295183628471026,43539.0,23054.7,8321.0,4451.735
四川省,2019,2231.04051,7.0,56482.57693689378,0.5536,872.6787971,2710.83363324808,33.7094898,0.533373897041676,47168.6,25158.5,8351.0,4623.1136
四川省,2020,2218.30101,12.0,59067.136542826425,0.5673,560.29492,2861.31541,39.4371062,0.53176957878536,49445.1,26293.4,8371.0,4748.8683
四川省,2021,2298.7517399999997,22.0,65852.00668896321,0.5782,596.57094066,3078.89038234,39.8898934,0.5342155907805548,55131.3,29452.0,8372.0,4840.6904
四川省,2022,2290.94532,54.6105586297267,68795.55767852878,0.5835,392.56807865,3202.04056019,40.5390216,0.5438348602832177,57609.4,31330.0,8374.0,4886.229
四川省,2023,2283.1389,88.41049955333683,73319.07265774379,0.5949,814.18,3434.4251489,41.8254,0.5544713088435196,61353.4,34018.7,8368.0,4978.1232
天津市,2012,590.5548000000001,0.0,66712.62699564586,0.8155,314.66429,7844.06138,1.5391,0.5342216904166214,9193.0,4911.1,1378.0,1123.759
天津市,2013,422.51454,0.0,71455.31914893616,0.8229,267.09188,3097.39451,1.5718,0.547224868985231,10075.2,5513.4,1410.0,1160.289
天津市,2014,436.81842,0.0,75221.83344996501,0.8255,246.736002,3602.375216,1.611,0.5558460164477356,10749.2,5974.9,1429.0,1179.6395
天津市,2015,455.0562,0.0,75671.99444058375,0.8288,252.3024,2519.2248,1.655,0.5727968996804172,10889.2,6237.3,1439.0,1192.6432
天津市,2016,424.22634000000005,0.0,79604.9896049896,0.8327,262.045877,2302.3199121,1.6764,0.6050840080090537,11487.0,6950.6,1443.0,1201.5861
天津市,2017,413.95113000000003,2.0,88426.95035460993,0.8357,266.91166959,2169.543905,1.6532146,0.6203942830560947,12468.2,7735.2,1410.0,1178.337
天津市,2018,364.87809000000004,4.0,96971.0773680405,0.8394999999999999,276.51083675,2240.52556826,1.6256737,0.6263841146512963,13411.1,8400.5,1383.0,1161.0285
天津市,2019,335.3571,6.0,101784.83754512636,0.8431000000000001,287.40195998,2662.44564442566,1.6131882,0.6309692704934312,14097.2,8894.9,1385.0,1167.6935
天津市,2020,348.54471,9.0,102601.29776496034,0.847,143.51736,2600.36635,1.6411022,0.63621159738033,14230.8,9053.8,1387.0,1174.789
天津市,2021,378.88541999999995,14.0,117211.94464675892,0.8488,171.01141712,2677.55614042,1.5307173,0.6242885193746426,16093.2,10046.8,1373.0,1165.4024
天津市,2022,394.50906,37.29501564956945,121705.79603815114,0.8511,97.50161569,2665.82820919,1.5230486,0.6162522229255207,16588.5,10222.7,1363.0,1160.0493
天津市,2023,410.1327,52.95654287966369,126186.21700879766,0.8549,233.18,2785.84425494,1.5221,0.631008958970009,17211.8,10860.8,1364.0,1166.0836
宁夏回族自治区,2012,245.61420029999996,0.0,32807.283763277694,0.5115000000000001,120.97293,1065.7404,2.6522,0.45351526364477335,2162.0,980.5,659.0,337.0785
宁夏回族自治区,2013,278.13635999999997,0.0,35509.00900900901,0.5284,102.94618,873.04868,2.8554,0.46289483699099326,2364.9,1094.7,666.0,351.9144
宁夏回族自治区,2014,291.90840693246577,0.0,37115.04424778761,0.5482,114.2449748,836.84359,3.1276,0.4712287394690828,2516.4,1185.8,678.0,371.6796
宁夏回族自治区,2015,294.68682,0.0,38665.20467836257,0.5698,115.5232,816.9267,3.324,0.48818391499981095,2644.7,1291.1,684.0,389.7432
宁夏回族自治区,2016,306.72882,0.0,41054.676258992804,0.5874,109.719566,819.94078,3.394,0.5020853047348683,2853.3,1432.6,695.0,408.243
宁夏回族自治区,2017,325.65582,0.2,46405.67375886525,0.6095,99.19000764,753.72197,3.4561152,0.4936422545543465,3271.6,1615.0,705.0,429.6975
宁夏回族自治区,2018,267.33753,0.4,50430.98591549296,0.6214999999999999,88.30616647,627.68472,3.5405236,0.5063676478802436,3580.6,1813.1,710.0,441.265
宁夏回族自治区,2019,280.71585,0.6000000000000001,53577.40585774059,0.6363,87.03601093,650.991097553602,3.6575711,0.5137576467525706,3841.5,1973.6,717.0,456.2271
宁夏回族自治区,2020,264.57525000000004,0.8,55980.58252427184,0.6496000000000001,52.51051,698.28793,3.6900937,0.5186313859570885,4036.2,2093.3,721.0,468.3616
宁夏回族自治区,2021,281.5434,1.5,64365.51724137931,0.6604,55.91924115,812.20855764,3.7576667,0.48543876567020255,4666.5,2265.3,725.0,478.79
宁夏回族自治区,2022,270.17235,2.6639296892549607,70990.38461538461,0.6634,36.5463615,873.75326528,3.8347292,0.47249472726920916,5168.1,2441.9,728.0,482.9552
宁夏回族自治区,2023,258.80129999999997,5.834195401996847,73646.09053497942,0.6731,85.7,946.62311019,3.8739,0.48645879898673816,5368.8,2611.7,729.0,490.6899
安徽省,2012,1476.68454,0.0,31137.002341920375,0.46299999999999997,1824.56642,9817.82956,16.5157,0.3947200180512203,18613.7,7347.2,5978.0,2767.814
安徽省,2013,1641.1661100000001,0.0,34883.43353373413,0.47869999999999996,1286.26462,12335.34164,17.3763,0.4060474334791892,20888.2,8481.6,5988.0,2866.4556
安徽省,2014,1799.75673,0.0,38153.576788394195,0.4931,1417.3365,13500.595,17.4373,0.41970306852500144,22880.7,9603.1,5997.0,2957.1207
安徽省,2015,1805.0805,0.0,40164.19896855764,0.5097,1218.2161,10402.2515,18.694,0.45265442556134977,24142.7,10928.3,6011.0,3063.8067
安徽省,2016,1814.1498469721437,0.0,44424.33283606829,0.5262,1187.36229,10896.3737,19.7588,0.47736295389758665,26801.2,12793.9,6033.0,3174.5646
安徽省,2017,1931.7081387466521,1.6666666666666667,49763.57932970117,0.5428999999999999,1153.68501,11429.77434,20.3285308,0.4936102024431189,30141.8,14878.3,6057.0,3288.3453
安徽省,2018,2007.8161200000002,3.333333333333333,56578.834759710335,0.5565,1163.66088914,11803.68283967,20.8826249,0.5132718392660273,34377.3,17644.9,6076.0,3381.294
安徽省,2019,1914.95889,5.0,61695.33814839133,0.5701999999999999,1164.809739,10245.7925728704,21.8294578,0.5260903343904982,37584.8,19773.0,6092.0,3473.6584
安徽省,2020,1940.8803300000002,8.0,63274.037674037674,0.5833,697.28725,10241.66603,23.6482747,0.5218179182371702,38628.8,20157.2,6105.0,3561.0465
安徽省,2021,1954.34622,15.0,70510.06052674628,0.5939,753.60346031,11068.03874749,23.7410862,0.5292811603886522,43102.8,22813.5,6113.0,3630.5107
安徽省,2022,1721.1834,40.8469219019094,74302.43185898483,0.6015,483.56272102,11281.77466615,23.7967213,0.5340262844013522,45525.1,24311.6,6127.0,3685.3905
安徽省,2023,1718.33508,66.42007073042564,78790.23035451723,0.6151,1050.66,12097.16305702,23.9129,0.5390658856461562,48227.5,25997.8,6121.0,3765.0271
山东省,2012,4807.4019135749995,0.0,44895.24103831891,0.5203,1836.14133,11077.78385,24.4586,0.41898803009340513,43584.3,18261.3,9708.0,5051.0724
山东省,2013,2809.44405,0.0,49310.58895957316,0.5346,1083.75315,8194.15413,25.2786,0.4367234659713971,48058.1,20988.1,9746.0,5210.2116
山东省,2014,2903.142281015119,0.0,52561.88825448613,0.5477,1143.600878,8253.025039,25.9515,0.45199960428842717,51552.7,23301.8,9808.0,5371.8416
山东省,2015,2970.60885,0.0,56921.852827893774,0.5697,1147.3167,8418.041,26.3447,0.47083019492833755,56159.1,26441.4,9866.0,5620.6602
山东省,2016,3037.1554363868368,0.0,59864.23343026171,0.5912999999999999,1188.919256,8884.336682,26.572,0.4908881690244646,59702.6,29307.3,9973.0,5897.0349
山东省,2017,3353.58747,3.25,63748.23083823383,0.6079,1247.259492,9719.46451,27.0590238,0.5034553601861204,63958.6,32200.3,10033.0,6099.0607
山东省,2018,3269.84769,6.5,67345.83705467897,0.6146,1289.608743,10052.195719,27.5641597,0.5214840181302716,67864.4,35390.2,10077.0,6193.3242
山东省,2019,3305.2538700000005,11.0,71268.85018800713,0.6186,1337.98339713,10166.4174130755,28.0324542,0.5337434726890785,72024.3,38442.5,10106.0,6251.5716
山东省,2020,2807.1361800000004,18.0,73148.9424495819,0.6305000000000001,596.23669,10377.400458,28.6814436,0.537731370341829,74355.9,39983.5,10165.0,6409.0325
山东省,2021,2968.10271,32.0,83419.86234021632,0.6394000000000001,706.81343451,12049.70139325,28.8143167,0.527205969023315,84838.0,44727.1,10170.0,6502.698
山东省,2022,3228.624,90.57360943466864,88083.63672144052,0.6454,415.30516208,14273.49070572,29.1759153,0.5271036222316057,89519.4,47186.0,10163.0,6559.2002
山东省,2023,3489.1452900000004,140.91825817130845,93061.74059073397,0.6553,1053.39,15043.17790137,29.3411,0.5270331951969294,94206.4,49649.9,10123.0,6633.6019
山西省,2012,1396.7860500000002,0.0,33313.69785794814,0.5132,423.07219,3341.1349220309,13.7771,0.36591453251774575,11819.7,4325.0,3548.0,1820.8336
山西省,2013,1477.66338,0.0,34432.24893917963,0.5288,386.55185,3592.38456,13.9434,0.3935243760166943,12171.8,4789.9,3535.0,1869.308
山西省,2014,1429.69239,0.0,34883.78684807256,0.543,384.5105627,3710.8068583,14.0436,0.42191435768261965,12307.0,5192.5,3528.0,1915.704
山西省,2015,1477.0344599999999,0.0,34203.182722364305,0.5587,380.0454,3438.5456,14.096,0.5059944666461728,12036.1,6090.2,3519.0,1966.0653
山西省,2016,1497.6171,0.0,34604.72396129767,0.5727,360.56017747,3565.45650618,14.2066,0.5199134875535563,12160.1,6322.2,3514.0,2012.4678
山西省,2017,1544.62221,1.25,41820.797720797724,0.5859,373.75555253,4185.0326707,14.2855143,0.49898154519010024,14679.1,7324.6,3510.0,2056.509
山西省,2018,1410.8382000000001,2.5,46125.35693889206,0.5985,393.9474099,4489.43867569,14.332615,0.5161795568652456,16153.1,8337.9,3502.0,2095.947
山西省,2019,1450.6039799999999,3.75,49502.43065484701,0.6129,395.57288854,5466.47830928526,14.4282501,0.524677950436139,17311.0,9082.7,3497.0,2143.3113
山西省,2020,1113.80148,5.0,52156.7335243553,0.6253,226.27223,5711.76314,14.4322877,0.5271690463502666,18202.7,9595.9,3490.0,2182.297
山西省,2021,1136.8206,8.0,66344.25287356322,0.6342,221.31781967,6444.66597593,14.4616656,0.472483302869914,23087.8,10908.6,3480.0,2207.016
山西省,2022,1126.20726,26.63929689254961,73694.91525423729,0.6396,119.14342624,6472.99944125,14.5469171,0.4541694603402304,25653.2,11650.9,3481.0,2226.4476
山西省,2023,1115.5939199999998,39.94179929059379,75160.99249855742,0.6497,316.2,6877.41671975,14.6545,0.48925560827306647,26050.8,12745.5,3466.0,2251.8602
广东省,2012,4553.465759999999,0.0,52583.64278597953,0.6715,2998.22997,9566.23882,19.4943,0.482281389516618,58057.6,28000.1,11041.0,7414.0315
广东省,2013,4014.2291400000004,0.0,56572.58207630878,0.6809000000000001,1780.93005,9228.55089,20.2915,0.49465551395683316,63757.3,31537.9,11270.0,7673.743
广东省,2014,4210.56063,0.0,60573.94029071285,0.6862,2315.3711731,14801.029292,21.2094,0.49752275359445014,69593.4,34624.3,11489.0,7883.7518
广东省,2015,4701.0976200000005,0.0,64926.185990751845,0.6951,1796.5176,14882.2073,21.6023,0.5106421984468642,75820.8,38717.3,11678.0,8117.3778
广东省,2016,4891.57542,0.0,70115.38461538461,0.7015,1887.44507057,21801.64989726,21.8085,0.5329008041354167,83493.4,44493.7,11908.0,8353.462
广东省,2017,4939.11261,12.0,76603.90412651347,0.7074,2012.47233474,27919.79077233,21.9580023,0.5468180136939168,93004.8,50856.7,12141.0,8588.5434
广东省,2018,5028.7661100000005,22.0,82503.96825396825,0.7181,2085.58682667,28338.32922457,21.7699107,0.5559813459316678,101875.9,56641.1,12348.0,8867.0988
广东省,2019,5139.82935,34.0,88452.31803987508,0.7265,2125.72018593,27373.6730412026,22.0290402,0.5665780437972591,110468.1,62588.8,12489.0,9073.2585
广东省,2020,4559.42736,55.0,90073.58998732573,0.7415,1190.90725,27211.1177008,22.1872569,0.5735672405590064,113708.9,65219.7,12624.0,9360.696
广东省,2021,3711.2155199999997,89.0,100581.362346263,0.7463,940.86037192,28031.51859966,22.2986754,0.5691846675038056,127577.4,72615.1,12684.0,9466.0692
广东省,2022,2691.27378,199.3507384125796,104722.36706960575,0.7479,722.95433183,28078.1141971,22.3080525,0.5722924152999198,132547.1,75855.7,12657.0,9466.1703
广东省,2023,1671.3320399999998,293.50490714661066,108535.65244766252,0.7542,1315.17,29304.37496472,22.3391,0.5777199442516392,137905.4,79670.7,12706.0,9582.8652
广西壮族自治区,2012,1651.77756,0.0,24492.117596932254,0.4348,1047.97759,4110.64052,10.7906,0.4233512516744081,11496.6,4867.1,4694.0,2040.9512
广西壮族自治区,2013,1269.126,0.0,26803.212851405624,0.45110000000000006,611.3252,3856.37149,11.1384,0.4479756478400076,12680.6,5680.6,4731.0,2134.1541
广西壮族自治区,2014,1406.11041,0.0,29049.685534591194,0.46540000000000004,652.6753613,4089.65235,11.49,0.45448772074159066,13856.7,6297.7,4770.0,2219.958
广西壮族自治区,2015,1560.19383,0.0,31241.321970484307,0.47989999999999994,731.752,4061.8208,11.7993,0.470639113251986,15030.2,7073.8,4811.0,2308.7989
广西壮族自治区,2016,1630.73277,0.0,33801.11179740581,0.4924,743.8273869,4260.41017698,12.0547,0.4870501668981312,16417.2,7996.0,4857.0,2391.5868
广西壮族自治区,2017,1830.47373,1.125,36828.408396168736,0.5059,778.314907,4613.31944,12.3259406,0.5010652013922321,18071.7,9055.1,4907.0,2482.4513
广西壮族自治区,2018,1752.68025,2.25,40330.90762078027,0.5182,816.6452577,4983.78122,12.5449478,0.5131292070349894,19951.7,10237.8,4947.0,2563.5354
广西壮族自治区,2019,1708.36317,3.375,42837.21397029306,0.5298,817.45355101,3989.17572848632,12.7818525,0.5192465384345055,21341.5,11081.5,4982.0,2639.4636
广西壮族自治区,2020,1480.19013,4.5,44332.9348475792,0.5419999999999999,553.95567,4159.60626,13.1642454,0.5185095300372573,22250.7,11537.2,5019.0,2720.298
广西壮族自治区,2021,1547.97957,8.0,50251.14155251141,0.5508000000000001,521.94355312,4882.04104727,16.0637229,0.503190249491338,25311.5,12736.5,5037.0,2774.3796
广西壮族自治区,2022,1733.7069900000001,43.510851591164354,52347.335050525064,0.5565,377.78337865,5172.95161131,17.2391134,0.5027309167023093,26419.7,13282.0,5047.0,2808.6555
广西壮族自治区,2023,1919.4344099999998,64.17614942196532,54707.97692460712,0.5678,663.57,5589.63048417,18.3618,0.511062952472029,27501.7,14055.1,5027.0,2854.3306
新疆维吾尔自治区,2012,910.656,0.0,33286.72880603639,0.44220000000000004,535.80965,1614.49526,16.5909,0.39595973064870993,7499.5,2969.5,2253.0,996.2766
新疆维吾尔自治区,2013,1188.9540000000002,0.0,37279.64989059081,0.44939999999999997,544.45657,1796.78507,17.0155,0.43575084522915103,8518.4,3711.9,2285.0,1026.879
新疆维吾尔自治区,2014,1228.6889999999999,0.0,40430.967741935485,0.46790000000000004,499.9996,1880.91747,17.5468,0.44297993659709367,9400.2,4164.1,2325.0,1087.8675
新疆维吾尔自治区,2015,1449.72324,0.0,40023.89937106918,0.4878,477.2937,1772.9404,17.8263,0.4913102234513969,9545.7,4689.9,2385.0,1163.403
新疆维吾尔自治区,2016,1539.04725,0.0,40831.54859967051,0.5042,458.05873,1803.87529,18.2085,0.5037976981813415,9913.9,4994.6,2428.0,1224.1976
新疆维吾尔自治区,2017,1543.60575,0.25,46212.903225806454,0.5189999999999999,428.54002,2176.34941,18.533772,0.5071897249755689,11460.8,5812.8,2480.0,1287.12
新疆维吾尔自治区,2018,1647.7902000000001,0.5,52024.206349206346,0.5400999999999999,405.7646,2483.86535,18.9049887,0.5157016346175849,13110.1,6760.9,2520.0,1361.052
新疆维吾尔自治区,2019,1653.74964,0.75,54806.17428683079,0.5551,414.53264,1948.18749326473,19.4221776,0.5289378177384509,14024.9,7418.3,2559.0,1420.5009
新疆维吾尔自治区,2020,1336.2959700000001,1.0,55066.40926640927,0.5653,184.96771,1708.03182,20.9220408,0.5246315435206349,14262.2,7482.4,2590.0,1464.127
新疆维吾尔自治区,2021,1418.9274899999998,2.0,64857.087678640404,0.5726,260.78268641,2000.06839,21.7325665,0.48545394991513563,16791.5,8151.5,2589.0,1482.4614
新疆维吾尔自治区,2022,1418.66073,4.883871096967427,71706.60997294163,0.5789,193.12008036,2503.23781609,22.3118,0.4627368534540848,18550.5,8584.0,2587.0,1497.6143
新疆维吾尔自治区,2023,1418.3939699999999,12.117175065685757,75455.35026943803,0.5924,452.47,2843.31591073,22.7934,0.47461396805639866,19603.3,9304.0,2598.0,1539.0552
江苏省,2012,2736.08244,0.0,67313.30049261084,0.6301,1872.39437,7904.05282,15.4118,0.443961038010626,54658.4,24266.2,8120.0,5116.412
江苏省,2013,2895.49827,0.0,73858.88671875,0.6439,1365.25451,9924.58898,15.6094,0.46125456985515295,60505.2,27908.3,8192.0,5274.8288
江苏省,2014,3054.53619,0.0,79976.21060258422,0.657,1455.20633,10417.86155,15.7521,0.4767146370962262,66228.3,31572.0,8281.0,5440.617
江苏省,2015,3151.72215,0.0,86441.37101623572,0.6748999999999999,1453.6881,8270.2287,15.8805,0.4807140074572876,71876.0,34551.8,8315.0,5611.7935
江苏省,2016,3232.5270299999997,0.0,93379.31034482758,0.6893,1468.47897478,7653.78314,15.7304,0.500631219557073,78261.2,39180.0,8381.0,5777.0233
江苏省,2017,3359.65581,5.0,102710.31698919625,0.7018000000000001,1515.260657,9057.60298,15.8475013,0.5010073642196713,86512.9,43343.6,8423.0,5911.2614
江苏省,2018,3514.1256,9.0,110651.5510300734,0.7119,1539.336814,8969.29281,15.8728658,0.5048905210242648,93456.3,47185.2,8446.0,6012.7074
江苏省,2019,3643.9583399999997,15.0,117885.11040264495,0.7247,1565.759858,9947.68340040622,15.9937047,0.5134203886538946,99836.9,51258.3,8469.0,6137.4843
江苏省,2020,3839.15232,24.0,123353.30895363927,0.7343999999999999,943.14893,10895.72348319,15.8101375,0.5225148374337503,104566.6,54637.6,8477.0,6225.5088
江苏省,2021,3631.61772,39.0,140920.87007642564,0.7394,991.52968002,11788.59738159,15.803555,0.513614989003214,119853.2,61558.4,8505.0,6288.597
江苏省,2022,3561.5663999999997,97.67742193934856,146287.96241926012,0.7442000000000001,620.7208927,11829.26858052,15.7999943,0.5158536722429077,124564.2,64256.9,8515.0,6336.863
江苏省,2023,3491.5150799999997,165.60139256437202,153558.87872390336,0.7504,1353.9,13232.13115255,15.8734,0.5233451696896604,130924.3,68518.6,8526.0,6397.9104
江西省,2012,963.82305,0.0,28944.804469273742,0.4739,956.26444,3433.52632,15.0595,0.3567105181891174,12952.8,4620.4,4475.0,2120.7025
江西省,2013,1225.87497,0.0,32335.56747095621,0.4904,930.68976,3640.13295,15.2067,0.36417842386723226,14473.4,5270.9,4476.0,2195.0304
江西省,2014,1248.1458300000002,0.0,35398.66071428572,0.5055,971.3456,3827.97561,15.5515,0.37790851651469864,15858.6,5993.1,4480.0,2264.64
江西省,2015,1360.638,0.0,37973.467112597544,0.523,953.81,3753.4804,15.6625,0.4080182724545097,17031.1,6949.0,4485.0,2345.655
江西省,2016,1378.872,0.0,41728.64768683274,0.5399,970.66656,3897.75091,16.1909,0.4389164872183016,18761.2,8234.6,4496.0,2427.3904
江西省,2017,1420.506,0.75,45439.14874750609,0.5569999999999999,1000.29423,4217.33527,16.2285124,0.44970142845991723,20497.6,9217.8,4511.0,2512.627
江西省,2018,1572.246,1.5,51001.329492577,0.5734,993.72611,4528.63219,16.194096,0.4804469759176952,23016.9,11058.4,4513.0,2587.7542
江西省,2019,1715.7159,2.25,54747.56421612046,0.5907,984.2391,3860.27274718216,20.9131109,0.496723831095292,24724.0,12281.0,4516.0,2667.6012
江西省,2020,1719.675,3.0,57148.48417791547,0.6044,631.35441,4010.77754,21.0641496,0.5014404423552007,25825.4,12949.9,4519.0,2731.2836
江西省,2021,1716.46758,5.0,66057.5603276511,0.6146,603.90612078,4884.7178123,21.110117,0.5008680148266316,29838.2,14945.0,4517.0,2776.1482
江西省,2022,1650.77181,23.53137892175216,69717.53533568904,0.6206999999999999,455.61256597,5119.75793061,21.071062,0.5153556913466443,31568.1,16268.8,4528.0,2810.5296
江西省,2023,1585.07604,36.35152519705728,72374.52934662237,0.6313,864.63,5348.04637802,20.956,0.5240673131948673,32677.1,17125.0,4515.0,2850.3195
河北省,2012,1593.70679475,0.0,32273.891489947673,0.466,1369.19841,10604.95686,16.3045,0.409757096593891,23437.3,9603.6,7262.0,3384.092
河北省,2013,1555.23006,0.0,33835.20856201976,0.4802,1163.71711,11674.05798,17.4492,0.41927320948453106,24659.1,10338.9,7288.0,3499.6976
河北省,2014,1438.7969699999999,0.0,35018.57162365151,0.4936,1276.6641927,12684.469674,17.92,0.42904605737772045,25644.1,11002.5,7323.0,3614.6328
河北省,2015,1419.04017,0.0,36411.300204220555,0.5167,1213.2112,12007.2797,18.4553,0.45333737160719567,26744.1,12124.1,7345.0,3795.1615
河北省,2016,1675.99764,0.0,39158.91525423729,0.5387,1238.11789639,12332.67839661,18.8431,0.466240992808097,28879.7,13464.9,7375.0,3972.9125
河北省,2017,1458.4769099999999,1.875,41929.41017681199,0.5574,1282.7826219,13381.58903049,19.1693209,0.4879206837166632,31065.5,15157.5,7409.0,4129.7766
河北省,2018,1266.04872,3.75,44367.08860759494,0.5732999999999999,1289.20397105,13873.03372738,19.3252276,0.5070051901538835,32947.0,16704.3,7426.0,4257.3258
河北省,2019,1297.0104299999998,5.625,47836.04135893648,0.5877,1311.10854267,13563.3819902506,19.6983161,0.5194380114250424,35623.5,18504.2,7447.0,4376.6019
河北省,2020,1059.8888700000002,7.5,49332.127545551986,0.6006999999999999,603.56559,13729.9548,20.4737479,0.516087068696278,36821.5,19003.1,7464.0,4483.6248
河北省,2021,1288.73934,13.0,55324.11385606875,0.6113999999999999,682.13449941,14769.49838466,20.7170147,0.5029753381838302,41205.4,20725.3,7448.0,4553.7072
河北省,2022,1184.19156,43.510851591164354,58218.733153638816,0.6165,382.21429921,14234.20753303,20.9209428,0.5181523346983561,43198.3,22383.3,7420.0,4574.43
河北省,2023,1079.6437799999999,76.29332448765108,61761.12538888137,0.6277,1118.16,14796.92060444,21.1107,0.5274813841436706,45660.0,24084.8,7393.0,4640.5861
河南省,2012,1934.325,0.0,30296.37012169534,0.4199,2084.0219,9490.25732,24.9649,0.3730526169988054,28878.5,10773.2,9532.0,4002.4868
河南省,2013,2150.1675,0.0,33031.86044082315,0.43600000000000005,1574.69328,7259.81265,24.9831,0.38992897215177064,31621.4,12330.1,9573.0,4173.828
河南省,2014,2114.118,0.0,35885.12182477968,0.4505,1746.0308449,7401.1163156,24.9857,0.4056692631286983,34611.2,14040.7,9645.0,4345.0725
河南省,2015,2220.35895,0.0,37932.37810534996,0.4702,1630.5909,6948.0545,25.0584,0.42505611687528194,36798.2,15641.3,9701.0,4561.4102
河南省,2016,2141.6926905,0.0,41079.66864389446,0.48780000000000007,1684.26681813,7383.54107,26.7441,0.4472100717740872,40167.7,17963.4,9778.0,4769.7084
河南省,2017,2207.8479514500004,2.333333333333333,45362.19350900397,0.5056,1761.74287855,8228.699088,26.7805416,0.4578044923911947,44586.5,20411.9,9829.0,4969.5424
河南省,2018,2636.2670399999997,4.666666666666667,50966.64639091647,0.5224,1775.08527543,8982.1161388,26.858934,0.4876425950053209,50273.5,24515.5,9864.0,5152.9536
河南省,2019,2657.88504,7.0,54276.63872336128,0.5401,1798.68427756,8658.53715876462,26.9832219,0.5009034356606803,53739.3,26918.2,9901.0,5347.5301
河南省,2020,2736.82854,12.0,54482.044059953725,0.5543,927.11867,8833.22134,27.0270788,0.505718178897575,54160.6,27390.0,9941.0,5510.2963
河南省,2021,2985.2352,22.0,58491.247596883535,0.5645,985.31965921,10674.56995085,27.1569701,0.5122173996529826,57806.9,29609.7,9883.0,5578.9535
河南省,2022,3215.1042,83.46979692998876,59569.89465153971,0.5707,639.53380319,11751.16052782,27.748171,0.5263606280842207,58807.4,30953.9,9872.0,5633.9504
河南省,2023,3444.9732000000004,130.59622015239097,61770.45338767193,0.5808,1543.3,12228.81978804,28.1101,0.5307310024955589,60627.7,32177.0,9815.0,5700.552
浙江省,2012,2081.538,0.0,61527.704485488124,0.6291,1317.60055,9183.40633,11.355,0.4667753048301099,34978.5,16327.1,5685.0,3576.4335
浙江省,2013,2103.52581,0.0,65738.76210235132,0.6394,1025.10234,8951.21597,11.5426,0.4771206076274284,38023.3,18141.7,5784.0,3698.2896
浙江省,2014,2118.1029858,0.0,69175.04244482174,0.6496,1076.763419,9539.7012663,11.6367,0.4770457563180927,40744.1,19436.8,5890.0,3826.144
浙江省,2015,2206.251,0.0,73888.05346700083,0.6632,1092.529,9869.7233,11.8015,0.4939645425353896,44222.0,21844.1,5985.0,3969.252
浙江省,2016,2165.01912,0.0,79209.15678524374,0.6772,1074.99012106,9789.33499116,11.9053,0.5121881744351897,48095.8,24634.1,6072.0,4111.9584
浙江省,2017,2260.9475999999995,6.0,86118.63857374393,0.6891,1096.04027064,10106.22843186,12.0101401,0.5261032234752104,53135.2,27954.6,6170.0,4251.747
浙江省,2018,2285.98875,12.0,94550.77315479037,0.7001999999999999,1103.66314581,11538.13713323,12.0661751,0.5399895804706323,59311.7,32027.7,6273.0,4392.3546
浙江省,2019,2070.306,20.0,101383.5294117647,0.7158000000000001,1128.5960755,12391.92412486,12.1812898,0.5554833518999877,64632.0,35902.0,6375.0,4563.225
浙江省,2020,2103.9255,32.0,103841.21830550402,0.7217,674.08969,12324.23777,12.307997,0.5711350490214324,67164.5,38360.0,6468.0,4667.9556
浙江省,2021,2170.49445,51.0,117378.13455657492,0.7266,713.62309789,12937.51045779,12.388535,0.562528903033011,76765.3,43182.7,6540.0,4751.964
浙江省,2022,2180.0007,133.9482,122806.75079823627,0.7337999999999999,490.72595941,13544.92642283,12.2917737,0.5659465147950972,80770.0,45711.5,6577.0,4826.2026
浙江省,2023,2189.50695,204.0829,129198.12886675721,0.7423,995.36,15062.19352139,12.1408,0.5789632280459147,85619.6,49570.6,6627.0,4919.2221
海南省,2012,262.3509,0.0,31468.13186813187,0.5102,173.05198,1548.05138,2.4265,0.5002444475485404,2863.6,1432.5,910.0,464.282
海南省,2013,209.68578,0.0,34803.260869565216,0.5228,112.40294,621.04182,2.4852,0.5394921765201911,3201.9,1727.4,920.0,480.976
海南省,2014,192.53151000000003,0.0,37833.333333333336,0.533,120.4778681,1488.106406,2.6002,0.5426126736699424,3541.2,1921.5,936.0,498.888
海南省,2015,202.47894000000002,0.0,40028.57142857143,0.5491,112.9278,1181.7285,2.686,0.5457741824622624,3782.7,2064.5,945.0,518.8995
海南省,2016,181.62045,0.0,43375.13061650993,0.5670000000000001,120.359087,1060.75066,2.8217,0.5594555528788244,4151.0,2322.3,957.0,542.619
海南省,2017,186.60627,1.2,46840.53497942387,0.5804,129.29108947,864.256162,3.0684297,0.5696808627468207,4552.9,2593.7,972.0,564.1488
海南省,2018,157.53159,2.4,50959.26680244399,0.5913,130.53502948,875.82721226,3.5022677,0.5925222812837216,5004.2,2965.1,982.0,580.6566
海南省,2019,158.20434,3.6,54694.47236180904,0.5937,130.3591436,1648.02797006443,3.8106819,0.6004299810734826,5442.1,3267.6,995.0,590.7315
海南省,2020,149.81022000000002,6.4,55739.13043478261,0.6027,74.6452,3683.00282,4.0163295,0.608105233300241,5640.8,3430.2,1012.0,609.9324
海南省,2021,155.77992,10.7,63812.74509803922,0.6097,89.94152008,8771.75010155,4.1045537,0.6178002427445498,6508.9,4021.2,1020.0,621.894
海南省,2022,155.75067,18.647507824784725,67310.61343719572,0.6149,59.95459922,9963.69643851,4.1686844,0.6095359333410485,6912.8,4213.6,1027.0,631.5023
海南省,2023,155.72142000000002,28.273408486600104,72772.77085330777,0.6246,105.36,11713.19843132,4.1817,0.6165713683433901,7590.2,4679.9,1043.0,651.4578
湖北省,2012,1814.7085363935,0.0,39648.84967998616,0.5323,1361.46872,4439.82379,21.8151,0.3967366170760438,22921.0,9093.6,5781.0,3077.2263
湖北省,2013,2043.3272399999998,0.0,44587.2714729217,0.5450999999999999,1052.36896,4751.83401,22.6912,0.43021155281857676,25851.7,11121.7,5798.0,3160.4898
湖北省,2014,2190.9482307080652,0.0,49528.71389270977,0.5573,1209.011538,5503.567013,23.6933,0.44422843931277967,28805.9,12796.4,5816.0,3241.2568
湖北省,2015,2196.80901,0.0,52412.99145299145,0.5718000000000001,1218.6759,5674.1293,25.298,0.45601664622850735,30661.6,13982.2,5850.0,3345.03
湖北省,2016,2781.582602704091,0.0,57379.09940526763,0.5857,1232.324917,5922.866503,26.0179,0.4689139885570784,33767.6,15834.1,5885.0,3446.8445
湖北省,2017,2807.010453364698,2.25,63726.62601626016,0.5988,1278.1419,6344.76418,26.9484032,0.48855258051998457,37624.2,18381.4,5904.0,3535.3152
湖北省,2018,2776.6219499999997,4.5,71701.03092783505,0.61,1258.9112185,6675.50054509,27.5039308,0.5021366866625026,42425.5,21303.4,5917.0,3609.37
湖北省,2019,3075.8577299999997,6.75,76863.5059895394,0.6183,1200.36031086,6132.39770057279,28.9029196,0.5125578945057839,45557.0,23350.6,5927.0,3664.6641
湖北省,2020,2707.10739,9.0,74878.32898172324,0.6289,522.91948,5294.94795,28.9612435,0.5236159153462769,43017.6,22524.7,5745.0,3613.0305
湖北省,2021,3240.17325,16.0,85923.32761578045,0.6409,620.76670757,6742.91375418,29.6921758,0.5233833666378538,50093.3,26218.0,5830.0,3736.447
湖北省,2022,2935.62909,39.51495705728192,91453.45653661876,0.6467,474.65507514,7544.17197131,30.217811,0.533535159246633,53445.4,28515.0,5844.0,3779.3148
湖北省,2023,2631.08493,63.72736516027325,97283.83007879411,0.6547000000000001,915.0,8593.3615034,30.7566,0.5454033239251121,56794.3,30975.8,5838.0,3822.1386
湖南省,2012,1392.86196,0.0,32645.97875569044,0.4622,1636.84223,3976.9036,23.404,0.41923053682072353,21513.7,9019.2,6590.0,3045.898
湖南省,2013,1642.0859099999998,0.0,36236.818181818184,0.4763,1565.06292,3832.32897,23.5392,0.43540597834949385,23916.3,10413.3,6600.0,3143.58
湖南省,2014,1801.43775,0.0,39795.94615035547,0.48979999999999996,1660.6915359,4138.3637539,23.625,0.4490043369024406,26309.1,11812.9,6611.0,3238.0678
湖南省,2015,2039.71248,0.0,43555.102040816324,0.5079,1527.5228,3895.5281,23.6886,0.46501941919428563,28811.7,13398.0,6615.0,3359.7585
湖南省,2016,2109.3371924461035,0.0,47132.07547169811,0.527,1500.84702182,4056.86498918,23.8273,0.49215052041633306,31225.0,15367.4,6625.0,3491.375
湖南省,2017,2025.1078495414336,2.0,51451.37946630484,0.5462,1500.540383,4300.74279,23.9723816,0.5177465812228776,34127.7,17669.5,6633.0,3622.9446
湖南省,2018,2185.62057,4.0,55206.17935192163,0.5609,1463.100391,4386.562627,24.0059799,0.5362100831847728,36629.3,19641.0,6635.0,3721.5715
湖南省,2019,2262.09159,6.0,60136.596385542165,0.5745,1442.96307643,2593.57774011002,24.0566153,0.5336445391641018,39930.7,21308.8,6640.0,3814.68
湖南省,2020,2194.3251,8.0,62744.469525959365,0.5876,834.6134,2602.19801,24.1137629,0.5246739915143055,41693.7,21875.6,6645.0,3904.602
湖南省,2021,2656.16199,14.0,69090.75807913017,0.5971,857.6895596,2897.69865527,24.1939902,0.5268349511167842,45751.9,24103.7,6622.0,3953.9962
湖南省,2022,2728.07703,36.40703908648447,72619.4730466384,0.6031000000000001,687.10255892,2931.56971314,24.2419753,0.5387391858275695,47957.9,25836.8,6604.0,3982.8724
湖南省,2023,2799.99207,55.200464188124016,77142.9658952497,0.6116,1218.74,3036.89999281,24.2769,0.5409937336556965,50667.5,27410.8,6568.0,4016.9888
甘肃省,2012,615.8826,0.0,21447.450980392157,0.3878,666.40543,2351.69244,13.1201,0.43604980709806,5469.1,2384.8,2550.0,988.89
甘肃省,2013,905.95197,0.0,24076.86243594797,0.40499999999999997,595.40928,2361.97003,13.3597,0.4544799698770525,6108.3,2776.1,2537.0,1027.485
甘肃省,2014,918.06147,0.0,26192.809166337414,0.4228,607.0504489,2515.4679147,13.8084,0.46918273146891126,6629.4,3110.4,2531.0,1070.1068
甘肃省,2015,844.389,0.0,26925.881886642885,0.44239999999999996,619.6549,2225.8094,14.0052,0.5232431477610622,6793.4,3554.6,2523.0,1116.1752
甘肃省,2016,775.08,0.0,28599.603174603173,0.4607,613.38723973,2170.04788138,14.3039,0.5443104716182653,7207.1,3922.9,2520.0,1160.964
甘肃省,2017,784.7460000000001,0.25,30303.727200634417,0.48119999999999996,619.64863762,2439.66142064,14.2252036,0.5583309344987308,7642.6,4267.1,2522.0,1213.5864
甘肃省,2018,751.8806999999999,0.5,33259.24453280318,0.4969,634.71144034,2609.93273524,14.3227598,0.5591354143005726,8364.7,4677.0,2515.0,1249.7035
甘肃省,2019,745.6392,0.75,36083.30011956955,0.507,647.066944,2496.28206567585,15.1442763,0.5610992676703523,9053.3,5079.8,2509.0,1272.063
甘肃省,2020,734.4918,1.0,37277.48900439824,0.5223,378.72142,2516.70665,15.5957004,0.5623773208482158,9323.1,5243.1,2501.0,1306.2723
甘肃省,2021,682.6477500000001,2.0,42602.409638554214,0.5333,335.89603475,2887.30837871,15.658254,0.53842383107089,10608.0,5711.6,2490.0,1327.917
甘肃省,2022,754.45614,5.771847660052415,46362.760834670946,0.5419,208.9147091,3680.54344285,15.7243189,0.5255850990167567,11553.6,6072.4,2492.0,1350.4148
甘肃省,2023,826.26453,10.322038018917498,50083.97565922921,0.5549000000000001,519.54,4245.67847849,15.8219,0.5313914966344556,12345.7,6560.4,2465.0,1367.8285
福建省,2012,1183.4226,0.0,53399.635511585526,0.5932000000000001,556.01945,3871.44801,9.4661,0.4073366226573317,20510.8,8354.8,3841.0,2278.4812
福建省,2013,1221.72966,0.0,58820.33462033462,0.608,542.69146,3939.60953,9.9535,0.4070156706065632,22851.7,9301.0,3885.0,2362.08
福建省,2014,1374.5437200000001,0.0,64206.3371356147,0.6199,622.7255161,4780.2162288,10.119,0.4069776623212551,25329.4,10308.5,3945.0,2445.5055
福建省,2015,1427.2663499999999,0.0,68542.921686747,0.6322,575.4797,5447.4859,10.4585,0.4262162409594434,27307.5,11638.9,3984.0,2518.6848
福建省,2016,1516.44843,0.0,75197.21115537849,0.6439,593.27246203,6070.58506223,10.6757,0.44274020503854405,30199.2,13370.4,4016.0,2585.9024
福建省,2017,1532.6020800000001,2.0,84704.05904059041,0.6577999999999999,604.22848377,6779.76443426,10.8011607,0.46256120724205835,34432.2,15927.0,4065.0,2673.957
福建省,2018,1560.94695,4.0,95528.26510721247,0.6698,599.98814517,7646.24302779,10.8901276,0.45856629800432597,39204.8,17978.0,4104.0,2748.8592
福建省,2019,1650.2874299999999,6.0,102680.92820884699,0.6787,588.89486175,8292.13482605729,10.9785157,0.4779997692983138,42479.1,20305.0,4137.0,2807.7819
福建省,2020,1584.05031,8.0,104979.57221821678,0.6875,314.56353,9014.32062,11.0118205,0.4908566457579781,43682.0,21441.6,4161.0,2860.6875
福建省,2021,1678.6624499999998,14.0,118468.11559589204,0.697,313.97265277,10159.1252866,11.1030658,0.489252579501881,49602.6,24268.2,4187.0,2918.339
福建省,2022,1605.30876,36.40703908648447,124402.10124164278,0.7011,260.40480275,11340.30948813,11.2878371,0.5096411488763829,52099.6,26552.1,4188.0,2936.2068
福建省,2023,1531.95507,53.40532714135575,131010.51876643558,0.7104,494.05,12230.90194559,11.5645,0.512370966594102,54801.7,28078.8,4183.0,2971.6032
贵州省,2012,1188.96417,0.0,19035.684415946474,0.363,631.85162,1174.71524,16.4542,0.475769247667726,6828.1,3248.6,3587.0,1302.081
贵州省,2013,1030.6035000000002,0.0,22246.420704845816,0.3789,593.61745,1294.60843,17.2564,0.4838549982054234,8079.9,3909.5,3632.0,1376.1648
贵州省,2014,1093.4865,0.0,25285.558879521348,0.40240000000000004,635.4968572,1441.77551,17.9079,0.4768593707986018,9297.5,4433.6,3677.0,1479.6248
贵州省,2015,1319.26932,0.0,29361.11111111111,0.4296,658.2338,1379.0006,18.6407,0.4793287468655565,10887.1,5218.5,3708.0,1592.9568
贵州省,2016,1447.61085,0.0,32288.18520489622,0.4556,674.86188,1482.27875,19.1626,0.47827986055596305,12133.9,5803.4,3758.0,1712.1448
贵州省,2017,1209.82779,0.75,36990.00788850907,0.47759999999999997,720.1303,1656.484286,19.4379014,0.5021717031697626,14067.3,7064.2,3803.0,1816.3128
贵州省,2018,1275.0616800000003,1.5,41566.19570905285,0.49539999999999995,798.66674,1797.91299,19.6907589,0.5176878627270781,15886.6,8224.3,3822.0,1893.4188
贵州省,2019,1360.0383299999999,2.25,44833.16008316008,0.5148,832.93999,1235.31615545274,20.4723103,0.5294867781912612,17251.8,9134.6,3848.0,1980.9504
贵州省,2020,1430.1855,3.0,47455.41731467081,0.5315,524.46784,1265.11418,20.6693117,0.5400392171856481,18308.3,9887.2,3858.0,2050.527
贵州省,2021,1624.9567499999998,5.0,51716.77050882659,0.5433,410.1639302,1435.90046972,20.7189595,0.5440960178301617,19921.3,10839.1,3852.0,2092.7916
贵州省,2022,1673.42625,17.315542980157243,53370.072614107885,0.5480999999999999,319.86776851,1417.2667359,20.9616538,0.5518452829271848,20579.5,11356.7,3856.0,2113.4736
贵州省,2023,1721.8957500000001,29.170977009984234,55662.87192755498,0.5594,544.53,1468.66510972,21.9839,0.5574029571854213,21513.7,11991.8,3865.0,2162.081
辽宁省,2012,2621.6968500000003,0.0,41434.514285714286,0.6565,976.99227,11563.67703,10.5562,0.4066395992850681,18127.6,7371.4,4375.0,2872.1875
辽宁省,2013,2520.0306,0.0,44752.11912943872,0.6645,941.67484,11970.28484,11.0973,0.42779623533988936,19534.3,8356.7,4365.0,2900.5425
辽宁省,2014,2679.8517,0.0,46768.01284993116,0.6705000000000001,991.22086,12235.70879,11.543,0.4582979662929617,20381.5,9340.8,4358.0,2922.039
辽宁省,2015,2738.19519,0.0,47620.56247118488,0.6805,923.7644,11711.9228,12.0365,0.4966356533609581,20657.8,10259.4,4338.0,2952.009
辽宁省,2016,2790.59076,0.0,48144.210769586316,0.6887,936.085663,12113.492263,12.0613,0.5340437788018434,20832.0,11125.2,4327.0,2980.0049
辽宁省,2017,2942.98209,1.0,51264.842300556586,0.6949000000000001,939.833242,12757.195558,12.2705448,0.5371628651822632,22105.4,11874.2,4312.0,2996.4088
辽宁省,2018,3082.1855400000004,2.0,56195.52551852715,0.7026,938.79126622,10654.45173391,12.2973599,0.5409417960893276,24113.5,13044.0,4291.0,3014.8566
辽宁省,2019,3071.65599,3.0,60009.11854103344,0.7121,945.215929,8921.42689450592,12.4767298,0.544598085397356,25665.9,13977.6,4277.0,3045.6517
辽宁省,2020,2743.4588400000002,4.0,60726.2044653349,0.7213999999999999,431.81573,5421.4662,13.0899478,0.5518750725647277,25839.0,14259.9,4255.0,3069.557
辽宁省,2021,2937.9938399999996,7.0,67323.24426578387,0.7281,431.43247149,4524.65307471,13.1587799,0.5389343542552071,28471.0,15344.0,4229.0,3079.1349
辽宁省,2022,2724.10965,12.875660164732311,70859.423397665,0.73,269.11851272,4611.15759637,13.1065437,0.5453148485021705,29739.7,16217.5,4197.0,3063.81
辽宁省,2023,2510.22546,26.92705570152391,75059.30176948829,0.7351,698.59,4685.93200588,13.2371,0.5620583756506892,31389.8,17642.9,4182.0,3074.1882
重庆市,2012,1074.0856280975654,0.0,39656.470588235294,0.5664,597.87041,2653.32907,12.0728,0.47551238366475107,11797.8,5610.0,2975.0,1685.04
重庆市,2013,1196.39304,0.0,44090.999667884425,0.5829000000000001,465.42613,2298.9008,12.2846,0.47801262447460796,13275.8,6346.0,3011.0,1755.1119
重庆市,2014,1132.29864,0.0,49003.2862306934,0.5974,507.127547,2594.96217,12.7392,0.4792478389452577,14911.7,7146.4,3043.0,1817.8882
重庆市,2015,1388.93148,0.0,53113.68078175896,0.6147,533.554,2709.5288,14.0551,0.4924720499941739,16305.9,8030.2,3070.0,1887.129
重庆市,2016,1466.4186000000002,0.0,58749.51768488746,0.6333000000000001,506.294615,2968.29145,14.2921,0.5072929380278144,18271.1,9268.8,3110.0,1969.563
重庆市,2017,1552.57218,1.3333333333333333,64442.748091603054,0.65,496.341228,3374.340113,14.7881342,0.519708007581142,20260.8,10529.7,3144.0,2043.6
重庆市,2018,1294.99965,2.6666666666666665,69133.10148593108,0.6661,493.102412,3597.910767,15.7483407,0.532583642782666,21866.8,11645.9,3163.0,2106.8743
重庆市,2019,1301.7168000000001,4.0,74308.6574654956,0.6824,487.94907164,3614.15344739738,17.428374,0.5520650411995138,23689.6,13078.2,3188.0,2175.4912
重庆市,2020,1261.6326,7.0,78398.5665316298,0.6946,271.10714,3527.39027,18.079635,0.544894089776255,25158.1,13708.5,3209.0,2228.9714
重庆市,2021,1289.37951,12.0,87461.08343711084,0.7031999999999999,281.17308045,3846.48490952,18.4106194,0.5514176381596512,28092.5,15490.7,3212.0,2258.6784
重庆市,2022,1054.0302299999998,27.527273455634592,89548.08590102708,0.7096000000000001,206.60364698,3880.22919845,18.6136992,0.5658943826941658,28771.8,16281.8,3213.0,2279.9448
重庆市,2023,818.6809499999998,44.87842616920651,95939.51739266688,0.7167,411.69,3928.51934951,18.6598,0.567760817657108,30614.3,17381.6,3191.0,2286.9897
陕西省,2012,1654.99065,0.0,37791.127541589645,0.49710000000000004,897.97293,3192.14320247887,16.1411,0.3762289068231841,14311.5,5384.4,3787.0,1882.5177
陕西省,2013,1219.54455,0.0,42340.43112513144,0.5157,745.21897,3200.56306,16.5249,0.38648851691574104,16106.3,6224.9,3804.0,1961.7228
陕西省,2014,1282.2002775,0.0,46082.04860203815,0.5301,804.42343,3521.45904808631,16.7145,0.39826827553357985,17635.6,7023.7,3827.0,2028.6927
陕西省,2015,1206.66294,0.0,47291.47165886636,0.5474,758.2992,3263.5185,17.0069,0.4356591874996564,18188.3,7923.9,3846.0,2105.3004
陕西省,2016,1087.9835176447784,0.0,49960.24780588539,0.5639000000000001,755.66913,3444.9206,17.2471,0.4521922437043391,19354.6,8752.0,3874.0,2184.5486
陕西省,2017,1043.5474154178823,1.25,55778.94467213115,0.5807,760.86112,3760.63965,17.4395006,0.4555912215686005,21776.1,9921.0,3904.0,2267.0528
陕西省,2018,1100.8736999999999,2.5,61955.73645382854,0.5965,797.96571,4024.89125,17.7127813,0.46436020825463564,24354.8,11309.4,3931.0,2344.8415
陕西省,2019,1026.96489,3.75,66466.78498985802,0.6128,803.82916,3482.15159404153,18.0069637,0.4819164965953957,26214.5,12633.2,3944.0,2416.8832
陕西省,2020,826.2475200000001,5.0,66490.5183312263,0.6266,452.57843,3697.35173,18.0660424,0.5060729360763585,26297.0,13308.2,3955.0,2478.203
陕西省,2021,835.28964,8.0,77077.89580171977,0.6363,435.5309789,3945.04736567,18.3414449,0.4955834968467612,30476.6,15103.7,3954.0,2515.9302
陕西省,2022,804.0453299999999,30.635191426432044,83507.58341759353,0.6402,278.81285085,4368.94318879,18.5606931,0.4902589933284094,33035.6,16196.0,3956.0,2532.6312
陕西省,2023,772.8010199999999,52.95654287966369,85972.92510121457,0.6516,673.77,4478.07935742,18.7831,0.5118272923932717,33976.5,17390.1,3952.0,2575.1232
青海省,2012,206.7352254,0.0,27108.581436077056,0.4785,110.11429,527.61992,6.5988,0.4867885522320563,1547.9,753.5,571.0,273.2235
青海省,2013,212.63940000000002,0.0,30404.553415061295,0.4929,95.29734,451.94716,7.0117,0.4898335349346236,1736.1,850.4,571.0,281.4459
青海省,2014,242.94410460000006,0.0,32553.819444444445,0.5084,102.8892989,506.9411371,7.2703,0.5036531384992801,1875.1,944.4,576.0,292.8384
青海省,2015,248.22945,0.0,35603.11958405546,0.5166999999999999,119.1779,445.577,7.5593,0.5266514141069951,2054.3,1081.9,577.0,298.1359
青海省,2016,291.6828,0.0,39702.74914089347,0.5355,125.10571967,475.79987945,7.8585,0.5276755961396979,2310.7,1219.3,582.0,311.661
青海省,2017,331.7580675,0.125,42952.21843003413,0.5545,136.802204,519.46251651,8.0895128,0.5166070719110052,2517.0,1300.3,586.0,324.937
青海省,2018,369.97848,0.25,47698.4667802385,0.5727,141.0082983,551.35923765,8.2137077,0.5126254509089611,2799.9,1435.3,587.0,336.1749
青海省,2019,375.60519,0.375,51189.83050847457,0.5878,128.23494341,398.428901598861,8.376059,0.5110257598834514,3020.2,1543.4,590.0,346.802
青海省,2020,307.75788,0.5,51949.40978077571,0.6008,88.62404,415.73934495,8.5131062,0.5135363240927092,3080.6,1582.0,593.0,356.2744
青海省,2021,337.44780000000003,1.0,58018.51851851852,0.6102,85.01140902,591.59445567,8.6151872,0.4931375678263645,3446.3,1699.5,594.0,362.4588
青海省,2022,341.29827,1.3319648446274803,61805.04201680672,0.6143000000000001,43.33372045,702.63611604,8.7725771,0.45578397781040947,3677.4,1676.1,595.0,365.5085
青海省,2023,345.1487400000001,3.1414898318444564,64801.3468013468,0.628,147.53,803.38094481,8.9416,0.47422841109841013,3849.2,1825.4,594.0,373.032
黑龙江省,2012,1188.1071,0.0,29997.31471535983,0.5688000000000001,559.55234,2002.33148,15.9063,0.35373735565303016,11171.0,3951.6,3724.0,2118.2112
黑龙江省,2013,1204.12782,0.0,32779.596290234585,0.5804,473.30605,1930.03851,16.0206,0.35572938337355414,12017.0,4274.8,3666.0,2127.7464
黑龙江省,2014,1259.1378,0.0,34249.16851441242,0.5922,493.086817,1811.094815,16.2464,0.3879308251936134,12357.1,4793.7,3608.0,2136.6576
黑龙江省,2015,1262.54511,0.0,34069.70813261547,0.6047,487.5416,1545.3471,16.3233,0.4478009182247654,12023.2,5384.0,3529.0,2133.9863
黑龙江省,2016,1075.21146,0.0,35463.182211954954,0.6109,471.07557991,1532.53666128,16.4502,0.4755270379206735,12280.9,5839.9,3463.0,2115.5467
黑龙江省,2017,1050.59196,0.5,37244.77787584584,0.6190000000000001,452.04801734,1657.68513364,16.5989167,0.48776018010189975,12659.5,6174.8,3399.0,2103.981
黑龙江省,2018,1143.83727,1.0,39692.515779981964,0.6345999999999999,433.75403116,1601.30939362,16.7115665,0.5049789106219285,13205.7,6668.6,3327.0,2111.3142
黑龙江省,2019,1106.42265,1.5,42895.545314900155,0.6462,428.99607292,1615.07737502047,16.8710076,0.5093142345568488,13962.5,7111.3,3255.0,2103.381
黑龙江省,2020,950.3004599999999,2.0,44150.42573320719,0.6561,177.54228,1584.75672,16.8118678,0.5071606631381205,14000.1,7100.3,3171.0,2080.4931
黑龙江省,2021,1066.96332,3.5,48936.96,0.6569,190.24455935,1744.81895433,16.8354437,0.5065521029504081,15292.8,7746.6,3125.0,2052.8125
黑龙江省,2022,1200.63465,4.439882815424935,52788.64149725718,0.6621,126.26044492,1851.61732857,16.8958033,0.4996821360457724,16359.2,8174.4,3099.0,2051.8479
黑龙江省,2023,1334.30598,8.526900972149237,53790.65969954278,0.6710999999999999,342.01,1942.21714744,16.9273,0.5296253346852289,16470.7,8723.3,3062.0,2054.9082
