province,year,transport_value_added_100m_cny,total_generation_100m_kwh,hydro_generation_100m_kwh,thermal_generation_100m_kwh,clean_generation_100m_kwh,hydro_share,clean_power_ratio,nev_stock_10k,gasoline_consumption_10k_ton,diesel_consumption_10k_ton,fuel_total_10k_ton,diesel_share_in_fuel,fuel_intensity_per_100m_cny,public_charging_piles,national_bev_buses
上海市,2012,909.9,886.2,0.0,882.45,3.75,0.0,0.0042315504400812,,112.98,197.87,310.85,0.6365449573749397,0.3416309484558743,,
上海市,2013,951.8,958.77,0.0,951.51,7.259999999999991,0.0,0.0075722018836634,,117.07,194.93,312.0,0.6247756410256411,0.3277999579743644,,
上海市,2014,1067.0,792.3,0.0,787.17,5.129999999999996,0.0,0.0064748201438848,,125.48,188.26,313.74,0.600050997641359,0.2940393626991565,,
上海市,2015,1148.0,793.0,0.0,785.18,7.82000000000005,0.0,0.0098612862547289,,120.63,201.47,322.1,0.6254889785780813,0.2805749128919861,,
上海市,2016,1259.6,807.29,0.0,800.14,7.149999999999977,0.0,0.0088567924785392,,138.63,213.47,352.1,0.6062766259585345,0.2795331851381391,,
上海市,2017,1387.3,859.25,0.0,841.99,17.25999999999999,0.0,0.0200872854233342,,131.49,201.75,333.24,0.6054195174648902,0.2402075974915303,26314.0,
上海市,2018,1623.1,839.7,0.0,823.75,15.950000000000044,0.0,0.0189948791234965,,64.73,190.93,255.66000000000005,0.7468121724164906,0.1575134002834083,40000.0,
上海市,2019,1548.2,822.13,0.0,797.45,24.67999999999995,0.0,0.0300195832775837,,63.5,205.93,269.43,0.7643172623687043,0.1740279033716574,55000.0,324464.0
上海市,2020,1387.6,861.74,0.0,832.98,28.75999999999999,0.0,0.0333743356464826,,55.9,197.93,253.83,0.7797738643974313,0.1829273565869126,82042.0,
上海市,2021,1776.0,1003.06,0.0,969.37,33.68999999999994,0.0,0.0335872230973221,,60.9,209.93,270.83,0.7751356939777722,0.1524943693693693,76118.0,419500.0
上海市,2022,1701.5,954.97,0.0,912.6,42.370000000000005,0.0,0.0443678859021749,99.89736334706105,61.1,174.03,235.13,0.7401437502658105,0.1381898325007346,122000.0,455500.0
上海市,2023,1721.9,1006.63,0.0,959.05,47.58000000000004,0.0,0.0472666222941895,128.8442,,,,,,196000.0,473900.0
云南省,2012,457.5,1533.9,1038.11,468.5,1065.4,0.6767781472064671,0.6945693982658583,,116.005,467.94,583.9449999999999,0.801342592196183,1.276382513661202,,
云南省,2013,532.6,2180.51,1656.34,479.3,1701.2100000000005,0.759611283598791,0.7801890383442406,,132.76,411.32,544.0799999999999,0.7559917659167771,1.0215546376267366,,
云南省,2014,595.8,2550.01,2087.67,391.41,2158.6000000000004,0.8186909070944819,0.846506484288297,,155.7110705,454.33662,610.0476905,0.7447559052762285,1.0239135456529038,,
云南省,2015,655.0,2553.0,2177.57,266.47,2286.53,0.8529455542499021,0.8956247551899725,,133.16,440.97,574.13,0.7680664657830109,0.8765343511450382,,
云南省,2016,745.3,2692.54,2278.15,238.04,2454.5,0.8460969939165249,0.9115927711380332,,137.605293382646,455.219192333926,592.824485716572,0.7678818997897554,0.7954172624668885,,
云南省,2017,894.7,2955.06,2493.43,239.66,2715.4,0.8437832057555514,0.9188984318423316,,137.485576119201,460.654087400315,598.139663519516,0.7701446927792389,0.6685365636744339,,
云南省,2018,1049.4,3240.99,2698.48,291.89,2949.1,0.8326097889842302,0.9099380127677036,,200.18,480.2,680.38,0.7057820629648137,0.6483514389174766,,
云南省,2019,1055.8,3465.63,2855.85,316.31,3149.32,0.8240493070523973,0.9087294373605952,,230.32,517.69,748.01,0.692089677945482,0.7084769842773253,,324464.0
云南省,2020,967.0,3674.44,2959.99,414.58,3259.86,0.8055622081187881,0.8871719227963989,,230.2,515.76,745.96,0.6914043648453,0.771416752843847,,
云南省,2021,1104.2,3770.23,3028.16,455.46,3314.77,0.8031764640353506,0.8791956989361391,,261.17,513.84,775.01,0.663010799860647,0.7018746603876109,,419500.0
云南省,2022,1149.7,4016.65,3282.91,464.53,3552.12,0.8173253830928758,0.8843488977132685,21.311437514039685,244.4,498.15,742.55,0.6708639148878863,0.6458641384709054,,455500.0
云南省,2023,1319.0,4151.01,3078.76,646.82,3504.19,0.7416893719841677,0.8441776820581015,35.00517241198108,,,,,,50000.0,473900.0
内蒙古自治区,2012,825.4,3116.9,17.45,2793.3,323.5999999999999,0.0055985113413969,0.1038211043023516,,162.5160092344453,568.4438796537409,730.9598888881861,0.777667678206478,0.8855826131429442,,
内蒙古自治区,2013,868.9,3567.14,19.74,3167.64,399.5,0.0055338450411253,0.1119944829751565,,119.36,299.76,419.12,0.7152128268753578,0.4823570031073771,,
内蒙古自治区,2014,916.6,3857.81,34.62,3409.33,448.48,0.0089740033853403,0.1162524852182974,,127.24,255.49,382.73,0.6675463120215295,0.4175540039275583,,
内蒙古自治区,2015,943.0,3929.0,36.42,3421.92,507.0799999999999,0.0092695342326291,0.129060829727666,,155.32,188.15,343.47,0.5477916557486825,0.3642311770943797,,
内蒙古自治区,2016,983.4,3949.81,27.48,3374.88,574.9299999999998,0.0069572966800934,0.1455589003015334,,178.7149,148.67149999999998,327.3864,0.4541162980502549,0.3329127516778523,,
内蒙古自治区,2017,1081.8,4435.94,19.99,3750.33,685.6099999999997,0.0045063729446295,0.1545579967267365,,185.59,159.51,345.1,0.4622138510576644,0.319005361434646,,
内蒙古自治区,2018,1138.2,5002.96,36.49,4164.48,838.4800000000005,0.007293682140173,0.1675967827046389,,177.4,132.88,310.28,0.4282583472992136,0.272605868915832,,
内蒙古自治区,2019,1209.7,5495.08,58.07,4608.41,886.6700000000001,0.0105676350480793,0.1613570685049171,,185.03,138.59,323.62,0.4282491811383722,0.267520872943705,,324464.0
内蒙古自治区,2020,1157.8,5810.97,57.35,4841.2,969.7700000000004,0.0098692645117768,0.1668860792604333,,178.02,133.96,311.98,0.4293864991345599,0.2694593193988599,,
内蒙古自治区,2021,1291.6,6119.93,49.02,4891.8,1228.13,0.0080098955380208,0.2006771319279795,,212.85,182.51,395.36,0.4616299069202751,0.3061009600495509,,419500.0
内蒙古自治区,2022,1358.3,6619.21,42.71,5254.82,1364.3900000000003,0.0064524316345908,0.2061258065539543,6.659824223137402,184.13,193.81,377.94,0.5128062655447955,0.2782448649046602,8200.0,455500.0
内蒙古自治区,2023,1538.3,7629.94,44.74,5940.06,1689.8799999999992,0.0058637420477749,0.221480116488465,14.361096374146085,,,,,,11800.0,473900.0
北京市,2012,640.1,290.8,4.21,283.19,7.610000000000014,0.0144773039889958,0.0261691884456671,,44.031472,117.3376,161.369072,0.7271380974416213,0.2520997844086861,,
北京市,2013,675.5,336.01,4.72,327.88,8.129999999999995,0.0140472009761614,0.0241957084610576,,45.4,124.28,169.68,0.7324375294672324,0.2511917098445596,,
北京市,2014,729.9,363.97,6.8,354.05,9.920000000000016,0.018682858477347,0.0272549935434239,,46.448,126.5609,173.0089,0.7315282624188697,0.2370309631456364,,
北京市,2015,742.3,421.0,6.64,411.13,9.870000000000005,0.015771971496437,0.0234441805225653,,44.65,118.0,162.65,0.7254841684598832,0.2191162602721272,,
北京市,2016,793.4,434.39,12.29,417.76,16.629999999999995,0.0282925481709984,0.0382835700637675,,41.6188,109.9192,151.538,0.725357336113714,0.1909982354423998,,
北京市,2017,904.1,388.4,11.32,372.25,16.149999999999977,0.029145211122554,0.0415808444902162,,42.412,106.9821,149.3941,0.7161065932322628,0.1652406813405597,30363.0,
北京市,2018,1019.5,450.45,9.91,434.33,16.120000000000005,0.022000222000222,0.0357864357864358,,42.57,110.11,152.68,0.7211815561959654,0.1497596861206473,42000.0,
北京市,2019,1024.7,464.09,10.19,445.71,18.379999999999995,0.0219569480057747,0.0396043870800922,,49.74,99.81,149.55,0.6674022066198595,0.1459451546794183,59000.0,324464.0
北京市,2020,875.4,457.47,11.46,436.09,21.38000000000005,0.0250508230047871,0.0467353050473256,,28.42,67.36,95.78,0.7032783462100647,0.1094128398446424,29000.0,
北京市,2021,953.2,472.57,13.66,448.68,23.889999999999983,0.0289057705736716,0.0505533571745984,,30.81,77.96,108.77,0.7167417486439275,0.114110365086026,90000.0,419500.0
北京市,2022,945.7,467.09,9.43,443.57,23.519999999999985,0.0201888287053886,0.0503543214369821,71.03812504679895,20.0,73.47,93.47,0.7860276024392854,0.0988368404356561,110000.0,455500.0
北京市,2023,1122.4,471.55,8.41,447.32,24.23000000000001,0.0178348001272399,0.0513837344926307,91.5519893851813,,,,,,119200.0,473900.0
吉林省,2012,485.0,684.4,65.73,570.36,114.03999999999996,0.0960403272939801,0.1666277030976037,,43.51,238.58,282.09000000000003,0.8457584458860646,0.5816288659793815,,
吉林省,2013,510.0,778.68,118.48,606.13,172.54999999999995,0.1521549288539579,0.2215929521754764,,27.85,209.82,237.67,0.8828207178019943,0.4660196078431372,,
吉林省,2014,517.6,771.73,72.45,626.67,145.06000000000006,0.0938799839322042,0.1879672942609462,,39.06,216.33,255.39,0.8470574415599671,0.4934119010819165,,
吉林省,2015,520.5,731.0,58.42,573.4,157.60000000000002,0.0799179206566347,0.2155950752393981,,37.58,198.68,236.26,0.8409379497164142,0.453909702209414,,
吉林省,2016,541.9,760.26,82.42,592.28,167.98000000000002,0.1084102806934469,0.2209507273827375,,35.98,193.12,229.1,0.842950676560454,0.4227717291013102,,
吉林省,2017,568.4,800.33,67.09,642.85,157.48000000000002,0.0838279209825946,0.1967688328564467,,45.88,213.91,259.79,0.8233958197005272,0.457054890921886,,
吉林省,2018,584.9,838.24,63.32,676.94,161.29999999999995,0.0755392250429471,0.1924269898835655,,44.65,227.1,271.75,0.8356945722171113,0.4646093349290477,,
吉林省,2019,607.1,946.38,66.76,725.24,221.14,0.0705424882182632,0.2336693505779919,,43.05,226.3,269.35,0.8401707815110451,0.4436666117608302,,324464.0
吉林省,2020,655.0,1018.83,93.84,750.21,268.62,0.0921056505992167,0.2636553693943052,,43.09,217.62,260.71000000000004,0.8347205707491081,0.3980305343511451,3000.0,
吉林省,2021,772.2,1025.75,104.86,730.69,295.05999999999995,0.1022276383134292,0.2876529368754569,,43.31,235.39,278.7,0.844599928238249,0.3609168609168608,,419500.0
吉林省,2022,745.5,1056.89,118.0,678.79,378.10000000000014,0.1116483266943579,0.3577477315520064,7.547800786222389,34.34,122.37,156.71,0.7808691213068726,0.2102079141515761,,455500.0
吉林省,2023,898.6,1158.73,98.46,716.69,442.04,0.0849723404071699,0.3814866276009078,17.50258620599054,,,,,,8400.0,473900.0
四川省,2012,595.9,2002.4,1410.7,587.33,1415.0700000000002,0.7045045944866161,0.706686975629245,,183.9,185.32,369.22,0.5019229727533719,0.6196006041282095,,
四川省,2013,622.3,2631.36,2002.01,628.1,2003.26,0.7608271008147878,0.7613021403380762,,104.43,181.6,286.03,0.6348984372268643,0.4596336172264181,,
四川省,2014,870.8,3079.44,2490.0,581.64,2497.8,0.8085885745460213,0.8111215026108644,,189.7,218.59,408.29,0.5353792647382988,0.4688677078548461,,
四川省,2015,948.1,3130.0,2667.64,442.13,2687.87,0.8522811501597444,0.8587444089456868,,204.58,160.01,364.59,0.4388765462574398,0.3845480434553317,,
四川省,2016,1126.3,3273.85,2852.07,397.83,2876.02,0.8711669746628588,0.8784825205797456,,274.6,283.67,558.27,0.5081233095097355,0.4956672289798455,,
四川省,2017,1214.2,3480.38,3041.2,384.45,3095.9300000000003,0.8738126296553824,0.889537924019791,,280.61,299.68,580.29,0.5164314394526875,0.4779196178553779,,
四川省,2018,1411.7,3687.0,3156.91,453.47,3233.53,0.8562272850556008,0.8770084079197179,,211.06,485.87,696.9300000000001,0.6971575337551834,0.4936813770631154,,
四川省,2019,1552.2,3923.88,3316.01,508.47,3415.41,0.8450844572209141,0.8704165264992813,,240.07,493.81,733.88,0.672875674497193,0.4727998969204999,10017.0,324464.0
四川省,2020,1513.5,4182.28,3541.38,527.65,3654.63,0.8467582275696511,0.8738367588970609,,238.89,490.81,729.7,0.672618884473071,0.4821275189957053,,
四川省,2021,1804.4,4530.33,3724.46,666.79,3863.54,0.8221167111446628,0.852816461493975,,250.38,505.94,756.3199999999999,0.6689496509414005,0.4191531811128352,,419500.0
四川省,2022,2062.7,4846.17,3886.56,794.61,4051.56,0.8019858981422443,0.8360334036981781,54.6105586297267,249.32,504.42,753.74,0.6692228089261549,0.3654142628593591,42000.0,455500.0
四川省,2023,2558.1,5006.49,3863.44,922.61,4083.88,0.7716863511162512,0.8157171990755998,88.41049955333683,,,,,,83200.0,473900.0
天津市,2012,684.0,589.7,0.0,585.25,4.4500000000000455,0.0,0.0075462099372563,,65.04,129.3,194.34000000000003,0.6653288051867859,0.2841228070175439,,
天津市,2013,686.1,624.26,0.2,619.05,5.210000000000036,0.0003203793291256,0.0083458815237241,,30.94,107.24,138.18,0.7760891590678825,0.2013992129427197,,
天津市,2014,689.8,625.52,0.2,618.44,7.079999999999927,0.0003197339813275,0.0113185829389946,,31.3,111.52,142.82,0.7808430191849881,0.2070455204407074,,
天津市,2015,673.4,623.0,0.16,614.15,8.850000000000023,0.0002568218298555,0.0142054574638844,,30.2,118.45,148.65,0.7968382105617221,0.2207454707454707,,
天津市,2016,693.1,617.55,0.03,611.51,6.039999999999964,4.8579062424095214e-05,0.0097805845680511,,26.18,112.29,138.47,0.810933776269228,0.1997835810128408,,
天津市,2017,734.2,611.0,0.07,603.41,7.590000000000032,0.000114566284779,0.0124222585924714,,24.53,110.53,135.06,0.8183770176217977,0.1839553255243802,9788.0,
天津市,2018,753.5,711.47,0.15,708.49,2.980000000000018,0.0002108310961811,0.0041885111107987,,19.65,99.29,118.94,0.8347906507482765,0.1578500331785003,11700.0,
天津市,2019,758.5,732.98,0.12,706.6,26.379999999999995,0.0001637152446178,0.0359900679418265,,15.58,93.6,109.18,0.8572998717713867,0.143941990771259,,324464.0
天津市,2020,745.7,771.61,0.1,741.04,30.57000000000005,0.0001295991498295,0.0396184601029017,,15.95,97.51,113.46,0.859421822668782,0.1521523400831433,,
天津市,2021,828.7,799.73,0.21,761.85,37.88,0.0002625886236604,0.0473659860202818,,17.58,105.77,123.35,0.8574787190920146,0.148847592614939,,419500.0
天津市,2022,883.0,764.89,0.14,715.72,49.16999999999996,0.0001830328543973,0.0642837532194171,37.29501564956945,16.74,111.61,128.35,0.8695753798208026,0.1453567383918459,,455500.0
天津市,2023,907.7,837.45,0.11,766.83,70.62,0.0001313511254403,0.0843274225326885,52.95654287966369,,,,,,67000.0,473900.0
宁夏回族自治区,2012,183.5,1005.9,19.01,954.7,51.19999999999993,0.0188984988567452,0.0508996918182721,,5.475899999999998,74.15929999999999,79.63519999999998,0.9312376938841116,0.4339792915531334,,
宁夏回族自治区,2013,184.5,1104.76,18.76,1011.6,93.15999999999995,0.0169810637604547,0.0843260074586335,,5.48,84.66,90.14,0.9392056800532504,0.4885636856368563,,
宁夏回族自治区,2014,184.9,1156.57,17.46,1041.6,114.97000000000004,0.0150963625202106,0.099406002230734,,4.6195284650712,89.92128106335029,94.54080952842148,0.9511372021446204,0.5113077854430583,,
宁夏回族自治区,2015,184.4,1155.0,15.53,1015.83,139.16999999999996,0.0134458874458874,0.1204935064935064,,6.1,89.42,95.52,0.936139028475712,0.5180043383947939,,
宁夏回族自治区,2016,188.7,1144.38,14.02,953.56,190.82000000000016,0.0122511753089008,0.1667453118719307,,8.1,91.42,99.52,0.9186093247588424,0.5273979862215157,,
宁夏回族自治区,2017,184.1,1380.94,15.45,1144.39,236.54999999999995,0.0111880313409706,0.1712963633467058,,8.22,97.42,105.64,0.9221885649375235,0.5738185768604019,,
宁夏回族自治区,2018,171.3,1609.97,19.76,1367.77,242.20000000000005,0.0122735206246079,0.1504375857935241,,3.09,83.43,86.52000000000001,0.9642857142857144,0.5050788091068301,,
宁夏回族自治区,2019,172.5,1765.97,21.87,1443.87,322.10000000000014,0.0123841288357106,0.1823926793773394,,3.25,87.6,90.85,0.9642267473858008,0.5266666666666666,,324464.0
宁夏回族自治区,2020,171.7,1882.36,22.5,1529.99,352.3699999999999,0.0119530801759493,0.187195860515523,,3.13,82.5,85.63,0.9634473899334346,0.4987186953989516,1334.0,
宁夏回族自治区,2021,188.5,2082.89,20.72,1597.68,485.2099999999998,0.0099477168741508,0.2329503718391272,,3.48,87.65,91.13,0.9618127949083726,0.483448275862069,,419500.0
宁夏回族自治区,2022,198.7,2235.13,18.45,1721.16,513.97,0.0082545534264226,0.2299508306004572,2.6639296892549607,3.35,84.1,87.44999999999999,0.96169239565466,0.4401107196779064,,455500.0
宁夏回族自治区,2023,219.9,2314.28,17.05,1721.51,592.7700000000002,0.0073673021414867,0.2561358176193028,5.834195401996847,,,,,,3900.0,473900.0
安徽省,2012,1087.9,1767.5,19.62,1649.48,118.01999999999998,0.0111004243281471,0.0667722772277227,,109.26,373.74,483.0,0.7737888198757764,0.4439746300211416,,
安徽省,2013,1242.2,1970.04,34.15,1928.35,41.690000000000055,0.0173346734076465,0.0211620068628048,,112.39,423.91,536.3000000000001,0.790434458325564,0.4317340202865883,,
安徽省,2014,1360.6,2033.91,41.51,1956.08,77.83000000000015,0.0204089659817789,0.038266196636036,,129.33,459.13,588.46,0.7802229548312544,0.4325003674849331,,
安徽省,2015,1386.9,2062.0,48.67,1959.0,103.0,0.0236032977691561,0.0499515033947623,,188.18,405.25,593.4300000000001,0.6828943599076555,0.4278823274929699,,
安徽省,2016,1475.0,2252.69,63.17,2134.69,118.0,0.0280420297510975,0.0523818190696456,,193.11836094807043,403.5137729971052,596.6321339451756,0.6763192091731753,0.4044963619967292,,
安徽省,2017,1605.4,2456.28,52.97,2318.32,137.96000000000004,0.0215651310111225,0.0561662351197746,,224.93814868748024,411.4224980089704,636.3606466964507,0.6465241057013734,0.3963875960486175,9909.0,
安徽省,2018,1883.0,2734.49,53.84,2533.74,200.75,0.0196892290701373,0.0734140552717325,,232.12,429.22,661.34,0.649015634923035,0.3512161444503452,10965.0,
安徽省,2019,2106.0,2886.67,51.09,2663.97,222.70000000000027,0.0176985938815313,0.0771477169194955,,174.05,454.09,628.14,0.7229120896615404,0.2982621082621082,23198.0,324464.0
安徽省,2020,2097.0,2808.98,66.21,2555.84,253.13999999999987,0.0235708335410006,0.090118121168538,,219.81,419.23,639.04,0.6560309213820732,0.3047401049117787,,
安徽省,2021,2319.5,3083.39,80.72,2741.26,342.12999999999965,0.0261789783322901,0.1109590418338256,,161.34,478.82,640.16,0.7479692576855786,0.2759905151972407,,419500.0
安徽省,2022,2534.3,3298.77,72.12,2903.29,395.48,0.0218626942769577,0.1198871094377601,40.8469219019094,82.6,477.9,560.5,0.8526315789473684,0.2211656078601586,84000.0,455500.0
安徽省,2023,2848.0,3549.45,86.6,3053.36,496.0899999999997,0.0243981461916634,0.1397653157531447,66.42007073042564,,,,,,101000.0,473900.0
山东省,2012,2161.4,3195.2,1.19,3034.6,160.5999999999999,0.0003724336504757,0.0502628943415122,,286.290979,1282.3,1568.590979,0.8174852572577493,0.7257291473119275,,
山东省,2013,2048.5,3549.03,3.45,3464.17,84.86000000000013,0.0009720966010431,0.0239107587143529,,111.29,802.3,913.59,0.8781838680370845,0.4459799853551379,,
山东省,2014,2301.3,3691.12,5.15,3534.44,156.67999999999984,0.0013952404690175,0.0424478207156635,,113.90977433786996,830.0892090041502,943.9989833420202,0.8793327362127049,0.4102024870038761,,
山东省,2015,2453.9,4685.0,7.77,4502.09,182.90999999999983,0.00165848452508,0.0390416221985058,,122.41,843.85,966.26,0.8733156707304452,0.3937650270997188,,
山东省,2016,2683.8,5329.27,13.92,5142.88,186.3900000000004,0.0026119900098887,0.0349747714039634,,129.73,858.428677773526,988.158677773526,0.8687154169487216,0.3681938586234168,,
山东省,2017,3244.4,5162.74,6.26,4913.85,248.88999999999945,0.0012125344293921,0.0482088968261038,,139.59,951.32,1090.91,0.8720426066311611,0.3362439896436938,17557.0,
山东省,2018,3408.5,5825.61,4.64,5524.79,300.8199999999997,0.0007964831150729,0.051637510921603,,146.61,917.64,1064.25,0.8622410147991543,0.3122341205809006,20288.0,
山东省,2019,3540.1,5897.22,5.23,5292.91,604.3100000000004,0.0008868585536914,0.1024737079505259,,148.31,927.47,1075.78,0.8621372399561249,0.3038840710714386,,324464.0
山东省,2020,3303.0,5806.43,8.66,5141.56,664.8699999999999,0.0014914499959527,0.1145058151049784,,140.9,773.58,914.48,0.8459233662846646,0.2768634574629125,,
山东省,2021,3981.7,6210.32,12.36,5281.04,929.2799999999996,0.0019902356078269,0.1496348014273016,,154.99,812.26,967.25,0.8397622124579994,0.2429238767360675,45600.0,419500.0
山东省,2022,4175.1,6203.58,28.08,5091.57,1112.0100000000002,0.0045264186163473,0.1792529474916097,90.57360943466864,184.0,869.0,1053.0,0.8252611585944919,0.252209527915499,90000.0,455500.0
山东省,2023,4256.0,6508.08,37.89,5124.04,1384.04,0.0058219935833609,0.2126648719745301,140.91825817130845,,,,,,102300.0,473900.0
山西省,2012,689.5,2454.8,40.92,2396.42,58.38000000000011,0.0166693824344142,0.0237819781652273,,109.93,347.3,457.23,0.7595739562145966,0.6631327048585932,,
山西省,2013,636.7,2641.11,38.87,2551.32,89.78999999999996,0.0147172968941089,0.0339970694139963,,114.58,369.03,483.61,0.7630735510018404,0.7595570912517668,,
山西省,2014,648.6,2647.02,32.93,2546.03,100.98999999999978,0.0124404046814908,0.038152337345392,,109.23,358.59,467.82,0.7665127613184558,0.7212765957446808,,
山西省,2015,726.1,2449.0,29.26,2319.77,129.23000000000002,0.0119477337688852,0.0527684769293589,,108.3,374.76,483.06,0.7758042479195131,0.6652802644263875,,
山西省,2016,750.5,2535.08,37.5,2362.85,172.23000000000002,0.0147924325859538,0.067938684380769,,112.86,377.1,489.96,0.7696546656869948,0.6528447701532313,,
山西省,2017,859.1,2823.94,42.22,2589.12,234.82000000000016,0.0149507425795165,0.0831533247873538,,115.53,389.76,505.29,0.7713590215519801,0.5881620300314282,,
山西省,2018,990.7,3180.52,43.18,2853.44,327.0799999999999,0.0135763963125526,0.1028385295486272,,142.36,321.2,463.56,0.6928984381741307,0.4679115776723528,,
山西省,2019,1047.9,3361.67,49.07,2960.8,400.8699999999999,0.014596911654029,0.1192472788822222,,145.18,331.38,476.56,0.695358401880141,0.4547762191048763,,324464.0
山西省,2020,1093.1,3503.54,46.76,3032.5,471.04,0.0133465009675927,0.1344468737334239,,135.88,231.38,367.26,0.6300168817731308,0.3359802396852987,,
山西省,2021,1284.2,3926.16,38.54,3229.0,697.1599999999999,0.0098162071846282,0.1775679034985838,,131.08,243.35,374.43,0.6499212135779718,0.2915667341535586,,419500.0
山西省,2022,1297.6,4298.79,36.39,3576.88,721.9099999999999,0.0084651727579156,0.167933302161771,26.63929689254961,130.14,240.81,370.95,0.6491710473109584,0.2858739210850801,33593.0,455500.0
山西省,2023,1470.4,4572.79,38.15,3717.33,855.46,0.0083428279015655,0.1870761613806888,39.94179929059379,,,,,,39700.0,473900.0
广东省,2012,2115.8,3593.2,203.4,2860.68,732.52,0.0566069241901369,0.2038628520538795,,598.24,905.56,1503.8,0.6021811411091901,0.7107477077228471,,
广东省,2013,2253.4,3874.97,388.81,2973.41,901.56,0.1003388413329651,0.23266244641894,,330.5,984.34,1314.84,0.7486386176264792,0.5834916126741813,,
广东省,2014,2507.8,3948.39,381.98,2961.43,986.96,0.0967432295188671,0.2499651756792009,,363.55,1016.53,1380.08,0.736573242130891,0.5503150171465029,,
广东省,2015,2680.5,4035.0,436.76,2903.54,1131.46,0.1082428748451053,0.2804114002478315,,502.74,1043.47,1546.21,0.6748565848106014,0.5768364111173289,,
广东省,2016,2896.1,4263.66,536.6,2971.7,1291.96,0.1258543129611648,0.3030166570505153,,497.42,1110.02,1607.44,0.690551435823421,0.5550360830081834,,
广东省,2017,3187.7,4503.36,307.65,3329.31,1174.0499999999995,0.0683156576422937,0.2607053400127904,,512.73,1110.91,1623.64,0.6842095538419847,0.5093452959814286,29262.0,
广东省,2018,3386.3,4694.76,258.31,3467.52,1227.2400000000002,0.055020916937181,0.261406333870102,,523.27,1129.91,1653.18,0.6834766934030172,0.4881965567138174,34628.0,
广东省,2019,3614.2,5051.02,391.01,3433.89,1617.1300000000006,0.0774120870636029,0.3201590965785129,,491.71,1195.6,1687.31,0.7085834849553431,0.4668557357091472,63000.0,324464.0
广东省,2020,3361.4,5225.91,285.42,3603.12,1622.79,0.0546163251950378,0.3105277358393083,,440.08,1056.91,1496.99,0.7060234203301292,0.4453471767715832,139127.0,
广东省,2021,4079.0,6306.23,224.41,4638.57,1667.66,0.0355854448695972,0.2644464283732118,,346.48,871.37,1217.85,0.7154986246253644,0.2985658249570973,151000.0,419500.0
广东省,2022,4410.5,6365.7,344.41,4469.17,1896.53,0.0541040262657681,0.2979295285671646,199.3507384125796,268.42,615.68,884.0999999999999,0.696391810881122,0.2004534633261534,383000.0,455500.0
广东省,2023,4904.2,7010.32,370.16,4946.11,2064.21,0.0528021545378813,0.2944530349541818,293.50490714661066,,,,,,563000.0,473900.0
广西壮族自治区,2012,545.3,1133.0,481.6,630.38,502.62,0.4250661959399823,0.4436187113857017,,130.36,410.36,540.72,0.7589140405385412,0.9916009536035212,,
广西壮族自治区,2013,584.6,1265.87,488.95,774.21,491.6599999999999,0.3862560926477442,0.3883969127951526,,106.56,309.25,415.81,0.7437291070440827,0.7112726650701334,,
广西壮族自治区,2014,628.7,1310.03,629.36,647.32,662.7099999999999,0.480416479011931,0.5058739112844743,,115.33,345.21,460.54,0.7495765840100751,0.7325274375695879,,
广西壮族自治区,2015,694.5,1300.0,749.31,516.25,783.75,0.5763923076923076,0.6028846153846154,,131.47,379.73,511.2000000000001,0.742820813771518,0.7360691144708424,,
广西壮族自治区,2016,742.7,1346.51,654.38,574.49,772.02,0.4859822801167462,0.5733488796964004,,184.81,352.12,536.9300000000001,0.6558024323468608,0.7229433149320049,,
广西壮族自治区,2017,810.7,1401.11,629.34,617.35,783.7599999999999,0.4491724418496763,0.5593850589889444,,223.45,380.13,603.5799999999999,0.6297922396368336,0.7445170840014801,,
广西壮族自治区,2018,873.8,1752.02,701.12,820.61,931.41,0.4001780801589023,0.5316206435999589,,225.57,353.0,578.5699999999999,0.6101249632715143,0.6621309224078736,,
广西壮族自治区,2019,880.6,1846.27,593.41,1006.51,839.76,0.3214101946085892,0.4548413828963261,,222.57,341.52,564.0899999999999,0.6054353028772005,0.6405746082216669,,324464.0
广西壮族自治区,2020,850.3,1970.88,614.47,1064.89,905.99,0.31177443578503,0.4596880581263192,,235.05,256.03,491.08,0.5213610816974831,0.5775373397624368,,
广西壮族自治区,2021,998.5,2081.93,517.36,1194.62,887.31,0.2485001897278006,0.4261958855485054,,246.17,267.42,513.59,0.520687708094005,0.5143615423134702,,419500.0
广西壮族自治区,2022,1003.3,2115.91,605.78,1090.79,1025.12,0.2862976213544054,0.4844818541431346,43.510851591164354,265.19,309.44,574.63,0.5385030367366828,0.5727399581381442,,455500.0
广西壮族自治区,2023,1075.3,2382.92,400.46,1408.15,974.77,0.1680543199100263,0.4090653483960854,64.17614942196532,,,,,,65000.0,473900.0
新疆维吾尔自治区,2012,296.7,1051.6,105.66,903.24,148.3599999999999,0.1004754659566375,0.1410802586534803,,88.0,211.0,299.0,0.705685618729097,1.007751937984496,,
新疆维吾尔自治区,2013,320.0,1667.82,206.95,1357.29,310.53,0.1240841337794246,0.1861891571032845,,90.0,299.0,389.0,0.7686375321336761,1.215625,,
新疆维吾尔自治区,2014,400.7,2090.93,161.38,1759.59,331.3399999999999,0.0771809673207615,0.1584653718680204,,93.0,309.0,402.0,0.7686567164179104,1.0032443224357377,,
新疆维吾尔自治区,2015,438.4,2479.0,209.05,2059.96,419.04,0.0843283582089552,0.169035901573215,,110.68,363.69,474.37,0.7666800177076966,1.0820483576642337,,
新疆维吾尔自治区,2016,463.5,2719.13,224.75,2219.36,499.77,0.082655113951889,0.1837977588419825,,120.25,383.5,503.75,0.7612903225806451,1.086839266450917,,
新疆维吾尔自治区,2017,556.7,3010.78,243.5,2368.88,641.9000000000001,0.0808760520529563,0.2132005659662944,,120.75,384.5,505.25,0.7610094012864919,0.9075803844081192,,
新疆维吾尔自治区,2018,733.5,3283.25,245.9,2572.95,710.3000000000002,0.074895301911216,0.2163405162567578,,129.96,409.45,539.41,0.7590700951039099,0.7353919563735514,,
新疆维吾尔自治区,2019,765.6,3670.49,292.0,2829.19,841.2999999999997,0.0795534111249451,0.2292064547240286,,127.88,413.34,541.22,0.7637190052104503,0.7069226750261233,,324464.0
新疆维吾尔自治区,2020,613.2,4121.86,268.2,3262.87,858.9899999999998,0.0650677121493694,0.2083986355674379,,95.05,341.82,436.87,0.7824295557030695,0.7124429223744292,,
新疆维吾尔自治区,2021,746.1,4683.55,275.63,3675.91,1007.6400000000004,0.0588506581546049,0.215144495094533,,121.85,343.19,465.04,0.7379795286426974,0.623294464548988,,419500.0
新疆维吾尔自治区,2022,937.1,4793.44,341.2,3667.81,1125.6299999999997,0.0711806135051236,0.2348271804799892,4.883871096967427,99.33,364.38,463.71,0.7857928446658472,0.4948351296553195,,455500.0
新疆维吾尔自治区,2023,1120.3,5130.66,350.26,3866.77,1263.89,0.0682680200987787,0.2463406267419786,12.117175065685757,,,,,,8300.0,473900.0
江苏省,2012,2369.5,3928.4,11.13,3669.74,258.6600000000003,0.0028332145402708,0.0658436004480196,,490.552,420.29,910.842,0.4614301931619314,0.3844026165857776,,
江苏省,2013,2443.5,4320.68,11.09,4099.24,221.4400000000005,0.0025667256080061,0.0512511919420092,,512.95,450.62,963.57,0.4676567348506076,0.3943400859422959,,
江苏省,2014,2610.3,4347.57,11.28,4049.84,297.7299999999996,0.002594552819161,0.0684819335858881,,540.31,476.14,1016.45,0.4684342564808894,0.3893996858598628,,
江苏省,2015,2452.9,4361.0,11.69,4053.3,307.6999999999998,0.0026805778491171,0.0705572116487043,,549.71,498.65,1048.36,0.4756476782784539,0.4273961433405357,,
江苏省,2016,2553.9,4709.37,17.35,4403.02,306.34999999999945,0.0036841445883419,0.0650511639561129,,562.75,512.43,1075.1799999999998,0.4765992670994624,0.420995340459689,,
江苏省,2017,2764.0,4914.74,29.02,4529.84,384.8999999999997,0.0059046867179138,0.078315434794109,,580.09,537.11,1117.2,0.4807644110275689,0.4041968162083936,22075.0,
江苏省,2018,2987.5,5085.08,33.22,4578.08,507.0,0.0065328372414986,0.099703446160139,,592.16,575.6,1167.76,0.492909501952456,0.3908820083682008,28954.0,
江苏省,2019,3316.4,5166.43,30.76,4468.81,697.6199999999999,0.0059538211105153,0.135029411024634,,606.18,604.29,1210.4699999999998,0.4992193115071006,0.3649951754914967,61000.0,324464.0
江苏省,2020,3702.2,5217.54,32.17,4433.91,783.6300000000001,0.0061657409430497,0.150191469543118,,631.76,643.17,1274.9299999999998,0.5044747554767713,0.3443709145913241,120495.0,
江苏省,2021,4369.1,5968.89,31.44,4841.31,1127.58,0.0052673110075742,0.1889094957353879,,515.4,686.07,1201.47,0.5710254937701316,0.274992561397084,97000.0,419500.0
江苏省,2022,4364.2,6077.31,31.28,4752.69,1324.6200000000008,0.0051470140572062,0.2179615652319859,97.67742193934856,478.4,698.4,1176.8,0.5934738273283481,0.2696485037349342,130000.0,455500.0
江苏省,2023,4897.7,6390.53,30.99,4961.45,1429.08,0.004849363041876,0.2236246445912936,165.60139256437202,,,,,,167900.0,473900.0
江西省,2012,636.3,664.7,48.24,609.27,55.430000000000064,0.0725740935760493,0.0833910034602077,,88.13,228.05,316.18,0.7212663672591562,0.4969039761118969,,
江西省,2013,684.4,875.41,128.93,745.34,130.06999999999994,0.1472795604345392,0.1485818073816839,,84.29,316.32,400.61,0.7895958663038866,0.585344827586207,,
江西省,2014,715.9,873.33,133.5,729.19,144.14,0.1528631788670949,0.1650464314749292,,94.91,313.48,408.39,0.767599598423076,0.5704567677049868,,
江西省,2015,760.4,982.0,178.31,780.47,201.53,0.1815784114052953,0.205224032586558,,118.0,328.0,446.0,0.7354260089686099,0.5865334034718569,,
江西省,2016,828.2,1085.35,198.53,856.93,228.42,0.182917952734141,0.2104574561201455,,120.0,332.0,452.0,0.7345132743362832,0.5457618932624969,,
江西省,2017,903.6,1128.82,144.17,939.42,189.4,0.1277174394500451,0.1677858294502223,,130.0,336.0,466.0,0.721030042918455,0.5157149181053563,,
江西省,2018,1031.8,1281.29,120.92,1073.43,207.8599999999999,0.0943736390668779,0.162227130470073,,166.0,351.0,517.0,0.6789168278529981,0.5010660980810234,,
江西省,2019,1098.8,1375.9,167.74,1100.96,274.94000000000005,0.1219129297187295,0.1998255687186569,,184.46,379.9,564.36,0.6731518888652632,0.5136148525664361,,324464.0
江西省,2020,1015.1,1444.71,144.89,1167.39,277.31999999999994,0.1002900236033529,0.1919554789542537,,191.0,375.0,566.0,0.6625441696113075,0.557580533937543,,
江西省,2021,1198.0,1563.27,135.55,1243.82,319.45000000000005,0.0867092696719056,0.2043472976517172,,244.7,323.23,567.9300000000001,0.5691370415368091,0.4740651085141903,,419500.0
江西省,2022,1262.1,1725.05,162.04,1332.63,392.4199999999999,0.0939335091736471,0.2274832613547432,23.53137892175216,216.81,328.36,545.1700000000001,0.6023075370985197,0.4319546787100864,,455500.0
江西省,2023,1355.0,1852.6,159.94,1412.62,439.98,0.0863327215804814,0.2374932527258987,36.35152519705728,,,,,,32100.0,473900.0
河北省,2012,2223.5,2370.9,3.27,2193.17,177.73000000000002,0.001379223079843,0.0749630941836433,,103.26687,417.2,520.46687,0.8015880050155738,0.234075498088599,,
河北省,2013,2308.0,2507.28,10.93,2334.06,173.22000000000023,0.0043593057017963,0.0690868191825405,,98.94,408.86,507.8,0.8051595116187475,0.2200173310225303,,
河北省,2014,2350.0,2499.9,10.97,2292.92,206.98,0.004388175527021,0.0827953118124725,,66.85,401.57,468.42,0.8572861961487555,0.199327659574468,,
河北省,2015,2416.1,2498.0,9.98,2271.73,226.27,0.0039951961569255,0.0905804643714972,,72.85,389.52,462.37,0.8424421999697211,0.1913703902984148,,
河北省,2016,2427.1,2630.59,22.26,2372.47,258.12000000000035,0.0084619800120885,0.0981224744258893,,77.8,467.84,545.64,0.8574151455171908,0.2248115034403197,,
河北省,2017,2559.9,2817.1,18.64,2484.51,332.5899999999997,0.0066167335202868,0.1180611266905682,,80.31,395.21,475.52,0.831111204576043,0.185757256142818,9875.0,
河北省,2018,2625.7,3133.18,10.54,2809.74,323.44000000000005,0.0033639944082369,0.103230583624305,,94.32,319.82,414.14,0.7722509296373207,0.1577255588985794,11323.0,
河北省,2019,2904.6,3297.66,16.44,2787.25,510.4099999999999,0.0049853532504867,0.1547794496703723,,63.35,359.08,422.43,0.8500343252136449,0.1454348275149762,,324464.0
河北省,2020,2831.8,3425.07,15.17,2831.73,593.3400000000001,0.0044291065584061,0.1732344156469795,,40.35,304.22,344.57000000000005,0.8828975244507646,0.1216787908750618,,
河北省,2021,3188.0,3513.42,24.0,2698.74,814.6800000000003,0.0068309510391584,0.2318766330242328,,74.06,346.29,420.35,0.8238134887593672,0.13185382685069,,419500.0
河北省,2022,3197.6,3792.87,37.21,2725.56,1067.31,0.0098105128833838,0.2813990461049284,43.510851591164354,71.32,315.11,386.43,0.8154387599306472,0.120850012509382,,455500.0
河北省,2023,3501.2,4125.94,58.29,2864.76,1261.1799999999994,0.0141276896901069,0.3056709501349994,76.29332448765108,,,,,,59900.0,473900.0
河南省,2012,1411.5,2626.9,120.99,2422.41,204.49000000000024,0.046058091286307,0.0778446077125129,,185.0,450.0,635.0,0.7086614173228346,0.4498760184201204,,
河南省,2013,1646.5,2864.0,114.71,2741.34,122.65999999999984,0.0400523743016759,0.0428282122905027,,253.5,455.0,708.5,0.6422018348623854,0.4303067112055876,,
河南省,2014,1903.7,2729.87,94.87,2613.12,116.75,0.0347525706352317,0.0427676043181543,,238.0,458.0,696.0,0.6580459770114943,0.3656038241319536,,
河南省,2015,2048.7,2625.0,110.16,2481.3,143.69999999999982,0.0419657142857142,0.054742857142857,,270.67,461.45,732.12,0.6302928481669672,0.3573583247913311,,
河南省,2016,2230.4,2652.66,95.54,2526.05,126.60999999999969,0.0360166775990892,0.0477294489305073,,220.7773,483.178,703.9553,0.6863759673376989,0.3156184092539454,,
河南省,2017,2433.7,2739.63,102.32,2575.94,163.69000000000003,0.0373481090512222,0.0597489442004942,,119.635482,600.101475,719.7369570000001,0.8337788815254626,0.2957377478736081,,
河南省,2018,2861.1,3050.14,143.75,2774.96,275.17999999999984,0.0471289842433462,0.0902188096284104,,195.04,667.24,862.28,0.7738089715637613,0.3013805878857782,,
河南省,2019,2858.5,2888.31,145.06,2553.5,334.80999999999995,0.0502231408678431,0.1159189976145219,,196.08,673.24,869.32,0.7744443933189159,0.3041175441665209,,324464.0
河南省,2020,2540.3,2906.12,140.21,2515.14,390.98,0.0482464591964543,0.1345367706770539,,201.9,693.24,895.14,0.7744486895904551,0.3523757036570483,17782.0,
河南省,2021,2818.9,3039.08,116.29,2458.77,580.31,0.038264869631599,0.1909492346367979,,195.84,779.2,975.04,0.7991467016737774,0.3458937883571606,,419500.0
河南省,2022,3034.6,3429.77,122.49,2719.92,709.8499999999999,0.0357137650629634,0.2069672310388159,83.46979692998876,210.92,839.2,1050.12,0.7991467641793318,0.3460489026560338,68000.0,455500.0
河南省,2023,3110.5,3534.64,129.5,2666.65,867.9899999999998,0.0366373944729873,0.2455667338116469,130.59622015239097,,,,,,89900.0,473900.0
浙江省,2012,1237.9,2710.0,121.97,2214.77,495.23,0.0450073800738007,0.1827416974169741,,338.0,353.0,691.0,0.5108538350217077,0.5582034089991114,,
浙江省,2013,1312.7,2941.8,173.28,2412.8,529.0,0.0589027126249235,0.1798218777619144,,328.73,368.86,697.59,0.5287633136942903,0.5314161651557858,,
浙江省,2014,1393.6,2885.29,176.24,2314.72,570.5700000000002,0.0610822482315469,0.1977513525503502,,339.93444000000005,362.9828,702.91724,0.5163947892357854,0.5043895235361654,,
浙江省,2015,1511.4,3011.0,229.06,2222.25,788.75,0.0760743938890734,0.2619561607439389,,351.0,381.0,732.0,0.5204918032786885,0.4843191742755061,,
浙江省,2016,1618.8,3197.66,274.41,2374.01,823.6499999999996,0.0858158778606856,0.2575789796288535,,388.8,331.97,720.77,0.4605768830556211,0.4452495675809241,,
浙江省,2017,1756.7,3312.33,198.73,2554.51,757.8199999999997,0.0599970413575942,0.2287875906084236,,443.792,311.0,754.7919999999999,0.4120340438160447,0.4296647122445494,9866.0,
浙江省,2018,1868.2,3438.44,180.04,2595.26,843.1799999999998,0.0523609543862914,0.2452216702923418,,468.23,296.0,764.23,0.387317954019078,0.4090729043999572,13199.0,
浙江省,2019,1968.2,3537.65,256.58,2500.95,1036.7000000000005,0.0725283733551934,0.2930476446228429,,416.72,275.0,691.72,0.3975597062395188,0.3514480235748399,33188.0,324464.0
浙江省,2020,1916.2,3531.31,209.09,2442.63,1088.6799999999998,0.0592103213821499,0.3082935228003205,,430.86,272.5,703.36,0.3874260691537761,0.367059805865776,,
浙江省,2021,2358.2,4222.5,237.68,3048.54,1173.96,0.0562889283599763,0.2780248667850799,,447.85,277.95,725.8,0.3829567373932213,0.307777118140955,82000.0,419500.0
浙江省,2022,2356.9,4349.86,246.44,3062.44,1287.4199999999996,0.0566546969327748,0.2959681461012537,133.9482,451.1,277.95,729.05,0.381249571359989,0.3093258093258093,65976.0,455500.0
浙江省,2023,2684.4,4580.7,210.33,3201.69,1379.0099999999998,0.045916562970725,0.3010478747789639,204.0829,,,,,,142000.0,473900.0
海南省,2012,125.5,192.0,8.91,179.25,12.75,0.04640625,0.06640625,,9.62,75.65,85.27000000000001,0.8871818928110706,0.6794422310756973,,
海南省,2013,136.4,231.44,23.93,200.62,30.82,0.1033961285862426,0.1331662633944002,,10.9,57.43,68.33,0.8404800234157764,0.5009530791788857,,
海南省,2014,151.1,244.55,24.59,213.47,31.080000000000013,0.1005520343488039,0.1270905745246371,,13.63,49.31,62.940000000000005,0.7834445503654274,0.4165453342157512,,
海南省,2015,177.7,261.0,11.39,234.42,26.580000000000013,0.043639846743295,0.1018390804597701,,14.3,51.89,66.19,0.7839552802538148,0.3724817107484524,,
海南省,2016,189.7,287.73,19.13,199.95,87.78000000000003,0.0664859416814374,0.3050776769888438,,17.69,41.95,59.64,0.7033869885982562,0.3143911439114391,,
海南省,2017,214.9,299.32,20.81,195.45,103.87,0.06952425497795,0.3470199118000802,,18.95,42.37,61.31999999999999,0.6909654272667972,0.2853420195439739,,
海南省,2018,225.4,323.37,25.51,211.23,112.14,0.0788879611590438,0.3467854160868355,,15.71,36.04,51.75,0.6964251207729468,0.2295918367346938,,
海南省,2019,240.5,345.68,17.27,212.46,133.22,0.0499595001157139,0.3853853274704929,,15.94,36.04,51.98,0.6933435936898807,0.2161330561330561,,324464.0
海南省,2020,218.1,345.53,16.68,213.06,132.46999999999997,0.0482736665412554,0.3833820507625965,,15.42,33.82,49.24,0.6868399675060926,0.2257679963319578,,
海南省,2021,258.8,391.23,18.07,254.39,136.84000000000003,0.0461876645451524,0.3497686782710938,,16.72,34.52,51.24,0.6736924277907885,0.1979907264296754,,419500.0
海南省,2022,257.2,405.71,28.22,245.28,160.42999999999998,0.0695570727859801,0.3954302334179586,18.647507824784725,16.71,34.52,51.23,0.6738239312902596,0.1991835147744945,19000.0,455500.0
海南省,2023,290.7,478.89,21.17,306.04,172.84999999999997,0.0442063939526822,0.3609388377289147,28.273408486600104,,,,,,40100.0,473900.0
湖北省,2012,1109.3,2174.1,1346.49,744.49,1429.61,0.6193321374361805,0.6575640494917437,,291.69532350000003,310.5619235,602.257247,0.5156632403295929,0.5429164761561345,,
湖北省,2013,1304.9,2237.26,1202.96,1021.59,1215.67,0.5376934285688744,0.543374484860946,,328.44,349.69,678.13,0.5156680872399098,0.5196796689401486,,
湖北省,2014,1464.6,2382.31,1410.5,933.34,1448.9699999999998,0.5920724003173391,0.6082205926180891,,354.7874139151876,372.479019704826,727.2664336200136,0.51216308423694,0.4965631801311031,,
湖北省,2015,1560.0,2341.0,1328.47,962.35,1378.65,0.5674797095258437,0.5889149935924819,,367.29,362.56,729.85,0.4967596081386586,0.4678525641025641,,
湖北省,2016,1665.8,2479.02,1410.72,1016.5,1462.52,0.5690635815765908,0.5899589353857573,,416.33,505.108964051709,921.438964051709,0.5481740883092974,0.5531510169598446,,
湖北省,2017,1891.1,2615.46,1499.39,1043.1,1572.36,0.5732796525276624,0.6011791424835402,,419.643251,510.191842438533,929.835093438533,0.548690672183432,0.4916900710901237,6214.0,
湖北省,2018,2046.4,2835.82,1484.08,1238.39,1597.43,0.5233336389474649,0.5633044410435077,,416.39,503.45,919.84,0.5473234475560967,0.4494917904612978,8408.0,
湖北省,2019,2245.5,2957.5,1356.98,1469.94,1487.56,0.4588267117497887,0.5029788672865596,,458.17,560.63,1018.8,0.5502846486062034,0.4537074148296593,,324464.0
湖北省,2020,1748.3,3015.84,1647.22,1222.23,1793.61,0.5461894530213804,0.5947298265159956,,407.03,489.84,896.8699999999999,0.5461661110305842,0.5129954813247154,,
湖北省,2021,2257.5,3292.37,1598.89,1476.01,1816.36,0.4856349681232669,0.5516876900226888,,496.49,577.5,1073.99,0.53771450385944,0.4757430786267995,,419500.0
湖北省,2022,2404.2,3108.73,1219.96,1595.53,1513.2,0.392430349370965,0.4867582581954689,39.51495705728192,450.81,522.29,973.1,0.5367279827355873,0.4047500207969386,101000.0,455500.0
湖北省,2023,2847.1,3206.02,1312.61,1498.28,1707.74,0.4094204028671062,0.5326666708255096,63.72736516027325,,,,,,170000.0,473900.0
湖南省,2012,1023.8,1260.1,501.75,742.16,517.9399999999999,0.3981826839139751,0.4110308705658281,,133.24,324.01,457.25,0.7086057955166758,0.4466204336784528,,
湖南省,2013,1110.9,1355.53,507.14,841.89,513.64,0.3741267253399039,0.3789218977079076,,141.23,396.96,538.1899999999999,0.7375833813337298,0.4844630479791159,,
湖南省,2014,1193.2,1313.7,535.87,750.05,563.6500000000001,0.407908959427571,0.429055339879729,,152.27,438.0,590.27,0.7420333067918071,0.4946949379818974,,
湖南省,2015,1261.4,1314.0,572.52,698.51,615.49,0.4357077625570776,0.4684094368340943,,167.44,500.63,668.0699999999999,0.7493675812414867,0.5296258125891865,,
湖南省,2016,1320.3,1385.09,621.51,723.32,661.7699999999999,0.4487145239659517,0.477781227212672,,188.474335083944,503.24604726278017,691.7203823467241,0.7275281459185463,0.5239115218864835,,
湖南省,2017,1452.7,1434.67,597.37,786.52,648.1500000000001,0.4163814675151777,0.4517763666905979,,208.413650361775,457.202171263967,665.615821625742,0.6868859729735204,0.458192208732527,,
湖南省,2018,1529.2,1532.73,537.23,923.42,609.3100000000001,0.3505053075231776,0.3975325073561554,,248.77,470.92,719.69,0.6543372841084355,0.470631702851164,,
湖南省,2019,1648.3,1559.42,543.97,914.6,644.82,0.3488284105629016,0.4134998909851098,,255.47,489.29,744.76,0.6569767441860466,0.4518352241703573,,324464.0
湖南省,2020,1626.5,1554.43,573.66,851.87,702.5600000000001,0.3690484614939238,0.4519727488532774,,244.94,477.35,722.29,0.6608841324121891,0.4440762373193974,,
湖南省,2021,1893.8,1741.86,537.59,1016.7,725.1599999999999,0.308629855441884,0.416313595811374,,315.15,560.19,875.34,0.6399684693947495,0.4622135389164643,,419500.0
湖南省,2022,2070.5,1768.11,505.98,1027.43,740.6799999999998,0.2861699781122215,0.4189105881421404,36.40703908648447,316.99,581.68,898.67,0.6472676288292699,0.434035257184255,,455500.0
湖南省,2023,2394.8,1797.48,376.28,1124.65,672.8299999999999,0.2093375169681999,0.3743184903309077,55.200464188124016,,,,,,54183.0,473900.0
甘肃省,2012,332.6,1083.2,274.85,717.51,365.69000000000005,0.2537389217134416,0.3376015509601182,,19.4,180.6,200.0,0.903,0.6013229104028863,,
甘肃省,2013,351.7,1201.94,332.98,734.64,467.30000000000007,0.2770354593407325,0.3887881258631879,,29.69,264.57,294.26,0.8991028342282336,0.8366789877736708,,
甘肃省,2014,346.4,1241.13,354.74,730.96,510.1700000000001,0.2858201799972605,0.4110528308879811,,33.83,264.57,298.4,0.8866286863270778,0.8614318706697459,,
甘肃省,2015,343.4,1242.0,335.98,718.65,523.35,0.2705152979066023,0.4213768115942029,,41.0,234.0,275.0,0.850909090909091,0.8008153756552127,,
甘肃省,2016,344.9,1214.33,313.51,704.18,510.15,0.258175290077656,0.4201082078183031,,48.0,205.0,253.0,0.8102766798418972,0.7335459553493767,,
甘肃省,2017,379.5,1349.15,374.15,713.92,635.2300000000001,0.2773227587740429,0.4708371937886818,,54.48,202.0,256.48,0.7875857766687461,0.675836627140975,,
甘肃省,2018,408.5,1531.43,411.92,803.44,727.99,0.2689773610285811,0.4753661610390288,,51.5,194.2,245.7,0.7903947903947904,0.601468788249694,,
甘肃省,2019,432.6,1630.5,496.12,787.82,842.68,0.3042747623428396,0.5168230604109169,,53.6,190.2,243.8,0.7801476620180476,0.5635691169671752,,324464.0
甘肃省,2020,400.3,1762.35,506.81,875.95,886.3999999999999,0.2875762476239112,0.5029647913297585,,51.8,188.3,240.1,0.7842565597667638,0.5998001498875843,,
甘肃省,2021,454.7,1896.82,451.8,1006.78,890.04,0.2381881253888086,0.4692274438270368,,57.15,166.5,223.65,0.744466800804829,0.4918627666593358,,419500.0
甘肃省,2022,530.8,1954.14,374.65,1051.28,902.86,0.1917211663442742,0.4620242152558159,5.771847660052415,43.5,202.59,246.09,0.8232354016823114,0.4636209495101733,,455500.0
甘肃省,2023,639.7,2108.97,373.49,1050.2,1058.7699999999998,0.177095928344168,0.5020317975125298,10.322038018917498,,,,,,11200.0,473900.0
福建省,2012,949.7,1622.6,476.21,1118.29,504.31,0.2934857635893011,0.3108036484654258,,97.0,290.6,387.6,0.7497420020639834,0.4081288828050963,,
福建省,2013,986.7,1777.18,402.68,1263.03,514.1500000000001,0.2265836887653473,0.2893066543625294,,137.5,264.71,402.21,0.6581387832226946,0.4076314989358467,,
福建省,2014,1045.3,1873.41,415.08,1246.13,627.28,0.2215638861754768,0.3348332719479451,,167.4,285.82,453.22,0.6306429548563611,0.4335788768774515,,
福建省,2015,1117.1,1901.0,466.07,1081.26,819.74,0.2451709626512362,0.4312151499210941,,190.95,280.6,471.55,0.5950588484784223,0.4221197744158984,,
福建省,2016,1191.9,2007.43,644.39,900.2,1107.23,0.3210024758023941,0.5515659325605375,,215.11,286.58,501.69,0.5712292451513883,0.4209161842436446,,
福建省,2017,1317.9,2200.67,454.61,1121.19,1079.48,0.2065779967010046,0.4905233406189933,,230.0,277.73,507.73,0.5470033285407598,0.3852568480157827,,
福建省,2018,1385.3,2494.16,374.59,1398.71,1095.4499999999998,0.150186836449947,0.4392059851813836,,237.87,279.45,517.3199999999999,0.5401878914405011,0.3734353569623908,,
福建省,2019,1429.5,2577.96,442.35,1411.24,1166.72,0.1715891635246474,0.4525749041878074,,251.87,295.08,546.95,0.5395008684523265,0.3826162994053865,,324464.0
福建省,2020,1385.5,2651.05,291.77,1565.31,1085.7400000000002,0.1100582787951943,0.4095509326493277,,241.63,283.36,524.99,0.5397436141640793,0.3789173583543847,,
福建省,2021,1629.2,2950.8,274.28,1722.42,1228.38,0.0929510641182052,0.4162871085807239,,250.33,305.7,556.03,0.549790478930993,0.3412902037809968,,419500.0
福建省,2022,1713.4,3088.8,386.95,1601.13,1487.67,0.1252751877751877,0.4816336441336441,36.40703908648447,239.16,292.56,531.72,0.5502143985556308,0.3103303373409595,67000.0,455500.0
福建省,2023,1734.2,3302.52,368.51,1793.46,1509.06,0.1115844869978077,0.4569419715853348,53.40532714135575,,,,,,84900.0,473900.0
贵州省,2012,338.0,1548.4,511.65,1025.42,522.98,0.330437871351072,0.3377551020408163,,112.21,278.02,390.23,0.7124516310893576,1.1545266272189347,,
贵州省,2013,385.8,1678.12,477.8,1185.44,492.67999999999984,0.2847233809262746,0.2935904464519819,,99.9,238.5,338.4,0.7047872340425533,0.8771384136858476,,
贵州省,2014,424.9,1747.67,680.66,1047.21,700.46,0.3894671190785445,0.4007964890396928,,106.58,252.5,359.08,0.7031859195722402,0.8450929630501295,,
贵州省,2015,457.7,1815.0,789.22,983.94,831.06,0.434831955922865,0.4578842975206611,,142.84,291.17,434.01,0.6708831593742081,0.9482412060301508,,
贵州省,2016,506.7,1903.99,733.73,1114.21,789.78,0.3853644189307717,0.4148025987531447,,174.09,303.1,477.19000000000005,0.6351767639724218,0.9417604104993094,,
贵州省,2017,580.2,1899.1,699.91,1134.42,764.6799999999998,0.3685482597019641,0.4026538886841134,,160.046,239.565,399.611,0.5994955093828749,0.68874698379869,,
贵州省,2018,660.0,2015.98,711.24,1221.96,794.02,0.3528011190587208,0.3938630343554995,,190.8,231.58,422.38,0.5482740660069132,0.639969696969697,,
贵州省,2019,700.8,2206.55,769.36,1339.53,867.0200000000002,0.348671002243321,0.3929301398110172,,211.49,239.48,450.97,0.5310331064150609,0.6435074200913243,,324464.0
贵州省,2020,686.0,2305.44,831.16,1332.11,973.3300000000002,0.3605212020265111,0.4221883892011938,,229.1,245.5,474.6,0.5172777075431942,0.6918367346938776,,
贵州省,2021,775.9,2368.4,734.46,1446.58,921.8200000000002,0.3101080898496876,0.3892163485897653,,260.23,279.0,539.23,0.5174044470819502,0.6949735790694678,,419500.0
贵州省,2022,770.8,2299.01,678.43,1401.97,897.0400000000002,0.2950965850518266,0.3901853406466262,17.315542980157243,270.45,285.0,555.45,0.5130974885228193,0.7206149455111573,,455500.0
贵州省,2023,826.2,2368.8,431.62,1676.44,692.3600000000001,0.1822104018912529,0.2922830124957785,29.170977009984234,,,,,,31700.0,473900.0
辽宁省,2012,854.0,1414.7,36.5,1282.27,132.43000000000006,0.025800523079098,0.0936099526401357,,294.73,568.35,863.08,0.6585136951383418,1.010632318501171,,
辽宁省,2013,890.9,1553.86,61.11,1333.65,220.2099999999998,0.0393278673754392,0.1417180440966366,,292.52,537.6,830.12,0.6476172119693538,0.931776854865866,,
辽宁省,2014,960.5,1647.82,42.46,1364.11,283.71000000000004,0.0257673775048245,0.1721729315095095,,301.54,580.7,882.24,0.6582109176641278,0.9185216033315982,,
辽宁省,2015,1053.7,1665.0,32.28,1353.99,311.01,0.0193873873873873,0.1867927927927928,,311.23,590.39,901.62,0.6548102304740356,0.8556704944481351,,
辽宁省,2016,1208.8,1778.76,47.03,1399.56,379.2000000000001,0.0264397670287166,0.2131822168252041,,307.0,611.31,918.31,0.6656902353235835,0.7596872931833223,,
辽宁省,2017,1265.3,1829.27,34.53,1408.9,420.3699999999999,0.0188763823820431,0.2298020521847512,,308.05,659.54,967.59,0.6816316828408727,0.7647119260254485,,
辽宁省,2018,1314.7,1982.69,33.57,1453.8,528.8900000000001,0.0169315425003404,0.2667537537386077,,317.06,695.99,1013.05,0.6870243324613791,0.7705560203848786,,
辽宁省,2019,1317.8,2072.94,43.58,1476.74,596.2,0.0210232809439732,0.2876108329232877,,319.07,690.69,1009.76,0.6840140231342101,0.7662467749279102,,324464.0
辽宁省,2020,1228.8,2135.26,56.55,1506.84,628.4200000000003,0.0264838942330207,0.2943060798216612,,223.96,674.54,898.5,0.750740122426266,0.731201171875,,
辽宁省,2021,1367.0,2257.58,78.42,1496.78,760.8,0.0347363105626378,0.3369980244332426,,237.28,724.79,962.07,0.7533651397507458,0.7037820043891734,,419500.0
辽宁省,2022,1407.9,2256.78,79.7,1394.12,862.6600000000003,0.0353158039330373,0.3822525899733249,12.875660164732311,223.05,669.15,892.2,0.7499999999999999,0.6337097805241849,12200.0,455500.0
辽宁省,2023,1581.9,2362.91,65.24,1354.64,1008.2699999999998,0.027610023234063,0.4267068995433596,26.92705570152391,,,,,,15200.0,473900.0
重庆市,2012,595.5,536.5,183.6,338.77,197.73,0.3422180801491146,0.3685554520037279,,31.987632,316.70600920464,348.69364120464,0.9082643667102972,0.5855476762462469,,
重庆市,2013,647.3,630.03,177.32,450.92,179.10999999999996,0.2814469152262591,0.2842880497754074,,36.72,351.74,388.46,0.9054728929619522,0.6001235902981616,,
重庆市,2014,685.7,675.8,240.77,430.55,245.25,0.3562740455756141,0.3629032258064515,,46.72,321.59,368.31,0.8731503353153595,0.5371299402070875,,
重庆市,2015,731.0,680.0,229.44,440.79,239.21,0.3374117647058823,0.3517794117647058,,55.56,396.13,451.69,0.8769952843764529,0.617906976744186,,
重庆市,2016,782.4,701.19,247.18,449.37,251.82000000000005,0.3525150101969508,0.3591323321781543,,56.68,420.1,476.78,0.881119174462016,0.6093813905930471,,
重庆市,2017,833.7,728.1,250.99,468.89,259.21000000000004,0.3447191319873643,0.3560087900013735,,62.34,442.58,504.92,0.8765348966172859,0.6056375194914236,,
重庆市,2018,905.9,799.53,246.14,543.42,256.11,0.307855865320876,0.3203256913436644,,147.53,278.9,426.43,0.6540346598503858,0.4707252456120984,,
重庆市,2019,1011.5,811.55,242.27,554.93,256.62,0.2985275090875485,0.3162097221366521,,165.28,264.3,429.58,0.6152521067088784,0.424695996045477,,324464.0
重庆市,2020,1008.4,840.52,281.0,541.49,299.03,0.3343168514728977,0.3557678579926712,,170.84,246.1,416.94,0.5902527941670265,0.4134668782229274,,
重庆市,2021,1194.6,991.43,282.78,681.21,310.2199999999999,0.2852243728755434,0.3129015664242558,,172.43,253.56,425.99,0.5952252400291087,0.3565963502427591,,419500.0
重庆市,2022,1234.6,997.84,203.11,755.15,242.69000000000003,0.2035496672813276,0.2432153451455143,27.527273455634592,143.23,205.13,348.36,0.5888448731197611,0.282164263729143,,455500.0
重庆市,2023,1345.4,1120.21,224.36,848.91,271.30000000000007,0.2002838753448014,0.2421867328447345,44.87842616920651,,,,,,31700.0,473900.0
陕西省,2012,678.4,1330.5,79.88,1126.7,203.79999999999995,0.0600375798571965,0.1531754979331078,,149.41,393.4,542.81,0.7247471490945266,0.8001326650943396,,
陕西省,2013,678.9,1511.98,110.87,1391.71,120.26999999999998,0.0733276895197026,0.0795447029722615,,86.91,311.8,398.71,0.7820220210177823,0.5872882604212698,,
陕西省,2014,758.7,1620.78,112.98,1490.86,129.92000000000007,0.0697071780253951,0.0801589358210244,,91.8611,327.36,419.2211,0.7808767259090729,0.552551865032292,,
陕西省,2015,809.2,1623.0,134.26,1452.38,170.6199999999999,0.0827233518176216,0.1051263093037584,,100.14,295.14,395.28,0.7466605950212508,0.488482451804251,,
陕西省,2016,885.3,1757.41,125.14,1581.48,175.93000000000006,0.0712070603900057,0.1001075446253293,,95.938442640965,260.776347842363,356.714790483328,0.7310500007275451,0.4029309730976256,,
陕西省,2017,965.8,1814.03,142.13,1586.05,227.98,0.0783504131684702,0.1256759811028483,,112.95,230.35163611688705,343.30163611688704,0.6709890425295181,0.3554583103301791,,
陕西省,2018,1040.2,1855.59,136.11,1639.69,215.89999999999984,0.0733513329992078,0.1163511336017115,,118.42,243.7,362.12,0.6729813321550867,0.3481253605075947,,
陕西省,2019,1112.5,2193.2,154.98,1860.45,332.7499999999998,0.0706638701440817,0.1517189494802114,,119.73,218.59,338.32,0.6461042799716246,0.3041078651685393,,324464.0
陕西省,2020,1142.8,2379.41,128.11,2037.87,341.54,0.0538410782504906,0.1435397850727701,,104.0,168.62,272.62,0.6185166165358374,0.238554427721386,,
陕西省,2021,1265.5,2739.75,141.35,2281.76,457.9899999999998,0.0515922985673875,0.1671648873072359,,105.8,169.84,275.64,0.616166013640981,0.2178111418411694,,419500.0
陕西省,2022,1310.2,2852.09,87.3,2395.88,456.21,0.0306091322503848,0.1599563828630933,30.635191426432044,101.85,163.48,265.33,0.6161383936984133,0.2025110670126698,,455500.0
陕西省,2023,1442.9,3103.75,126.58,2560.73,543.02,0.0407829238824003,0.1749561014901329,52.95654287966369,,,,,,54500.0,473900.0
青海省,2012,86.1,556.3,434.9,114.7,441.6,0.7817724249505663,0.7938162861765234,,6.3614,60.7649,67.1263,0.905232375387888,0.7796318234610918,,
青海省,2013,91.4,611.08,435.49,134.43,476.65,0.7126562806833802,0.7800124369967926,,6.12,62.9,69.02,0.9113300492610836,0.7551422319474835,,
青海省,2014,98.5,580.32,392.07,129.86,450.46,0.6756100082712986,0.7762269092914255,,7.726999999999999,71.17010000000002,78.89710000000002,0.902062306472608,0.8009857868020307,,
青海省,2015,101.1,566.0,364.33,122.0,444.0,0.6436925795053003,0.784452296819788,,7.65,72.95,80.60000000000001,0.9050868486352356,0.7972304648862514,,
青海省,2016,108.0,552.96,300.85,152.19,400.77,0.5440719039351852,0.7247721354166667,,8.64,86.05,94.69,0.9087548843594888,0.8767592592592592,,
青海省,2017,119.0,626.59,334.22,161.19,465.4,0.533395043010581,0.7427504428733303,,10.8143,96.94,107.7543,0.8996392719362475,0.9054983193277312,,
青海省,2018,123.9,811.03,517.9,124.36,686.67,0.638570706385707,0.8466641184666411,,13.36,106.88,120.24,0.8888888888888888,0.97046004842615,,
青海省,2019,116.9,886.14,554.04,107.37,778.77,0.6252285191956124,0.8788340442819419,,13.95,108.14,122.09,0.8857400278483086,1.044396920444825,,324464.0
青海省,2020,106.2,951.95,599.0,104.54,847.4100000000001,0.6292347287147434,0.890183307946846,,15.48,84.78,100.26,0.8456014362657092,0.9440677966101696,,
青海省,2021,128.1,995.71,504.94,150.01,845.7,0.5071155256048447,0.8493436844061022,,21.64,88.55,110.19,0.8036119430075325,0.8601873536299766,,419500.0
青海省,2022,137.4,998.05,426.78,159.54,838.51,0.4276138470016532,0.8401482891638695,1.3319648446274803,24.47,87.12,111.59,0.7807151178421006,0.8121542940320233,,455500.0
青海省,2023,169.3,1009.71,398.33,160.4,849.3100000000001,0.3944994107218904,0.8411425062641749,3.1414898318444564,,,,,,3000.0,473900.0
黑龙江省,2012,383.1,843.1,13.34,763.5,79.60000000000002,0.0158225596014707,0.0944134740837386,,195.98,198.6,394.58,0.5033199858076942,1.029966066301227,,
黑龙江省,2013,377.1,839.3,30.52,732.66,106.64,0.0363636363636363,0.1270582628380793,,200.06,199.92,399.98,0.4998249912495624,1.060673561389552,,
黑龙江省,2014,429.6,881.3,19.86,782.35,98.94999999999992,0.0225348916373539,0.1122773175990014,,228.52,190.8,419.3200000000001,0.4550224172469712,0.9760707635009312,,
黑龙江省,2015,436.5,874.0,16.86,771.09,102.90999999999995,0.0192906178489702,0.1177459954233409,,231.95,188.66,420.61,0.4485390266517676,0.9635967926689576,,
黑龙江省,2016,465.7,900.41,16.87,803.48,96.92999999999996,0.0187359091969214,0.1076509590075631,,242.42,118.26,360.68,0.3278806698458467,0.7744900150311359,,
黑龙江省,2017,491.0,917.28,18.62,805.77,111.51,0.0202991452991453,0.121565934065934,,263.64,90.26,353.9,0.2550437976829613,0.7207739307535641,,
黑龙江省,2018,511.0,1029.21,26.2,876.2,153.01,0.0254564180293623,0.1486674245294934,,272.91,111.62,384.53,0.2902764413699841,0.7525048923679061,,
黑龙江省,2019,550.6,1111.91,27.71,911.73,200.1800000000001,0.0249210817422273,0.1800325565918105,,261.41,110.4,371.81000000000006,0.296925849224066,0.6752815110788232,,324464.0
黑龙江省,2020,599.2,1137.84,31.99,921.77,216.07,0.0281146734162975,0.1898948885607818,,241.26,79.01,320.27,0.246698098479408,0.534495994659546,,
黑龙江省,2021,701.3,1200.53,39.13,948.66,251.87,0.0325939376775257,0.2097990054392643,,291.56,69.17,360.73,0.1917500623735203,0.5143733067160987,7070.0,419500.0
黑龙江省,2022,862.2,1217.59,39.69,878.93,338.66,0.0325971796746031,0.2781396036432625,4.439882815424935,299.97,104.4,404.37,0.258179390162475,0.4689979123173277,,455500.0
黑龙江省,2023,1023.8,1327.41,44.61,935.95,391.46,0.0336067982010079,0.294905115977731,8.526900972149237,,,,,,9700.0,473900.0
