province,year,resident_population_10k_person,source_id,source_level,source_name,source_url,publish_date,access_date,evidence,note
北京市,2015,2188.0,SRC_CASE03_NBS_POP_01,A,本地缓存-NBS人口指标（来自case02）,file:///D:/Desk/app/academic-data-hunter/cases/case02-nev-emission-controls/data/nbs_resident_population_10k_person.csv,,2026-03-27,指标代码=A030101; 单位=万人; 年份=2015,当前环境NBS在线接口不可达，使用本地缓存回填
北京市,2016,2195.0,SRC_CASE03_NBS_POP_01,A,本地缓存-NBS人口指标（来自case02）,file:///D:/Desk/app/academic-data-hunter/cases/case02-nev-emission-controls/data/nbs_resident_population_10k_person.csv,,2026-03-27,指标代码=A030101; 单位=万人; 年份=2016,当前环境NBS在线接口不可达，使用本地缓存回填
北京市,2017,2194.0,SRC_CASE03_NBS_POP_01,A,本地缓存-NBS人口指标（来自case02）,file:///D:/Desk/app/academic-data-hunter/cases/case02-nev-emission-controls/data/nbs_resident_population_10k_person.csv,,2026-03-27,指标代码=A030101; 单位=万人; 年份=2017,当前环境NBS在线接口不可达，使用本地缓存回填
北京市,2018,2192.0,SRC_CASE03_NBS_POP_01,A,本地缓存-NBS人口指标（来自case02）,file:///D:/Desk/app/academic-data-hunter/cases/case02-nev-emission-controls/data/nbs_resident_population_10k_person.csv,,2026-03-27,指标代码=A030101; 单位=万人; 年份=2018,当前环境NBS在线接口不可达，使用本地缓存回填
北京市,2019,2190.0,SRC_CASE03_NBS_POP_01,A,本地缓存-NBS人口指标（来自case02）,file:///D:/Desk/app/academic-data-hunter/cases/case02-nev-emission-controls/data/nbs_resident_population_10k_person.csv,,2026-03-27,指标代码=A030101; 单位=万人; 年份=2019,当前环境NBS在线接口不可达，使用本地缓存回填
北京市,2020,2189.0,SRC_CASE03_NBS_POP_01,A,本地缓存-NBS人口指标（来自case02）,file:///D:/Desk/app/academic-data-hunter/cases/case02-nev-emission-controls/data/nbs_resident_population_10k_person.csv,,2026-03-27,指标代码=A030101; 单位=万人; 年份=2020,当前环境NBS在线接口不可达，使用本地缓存回填
北京市,2021,2189.0,SRC_CASE03_NBS_POP_01,A,本地缓存-NBS人口指标（来自case02）,file:///D:/Desk/app/academic-data-hunter/cases/case02-nev-emission-controls/data/nbs_resident_population_10k_person.csv,,2026-03-27,指标代码=A030101; 单位=万人; 年份=2021,当前环境NBS在线接口不可达，使用本地缓存回填
北京市,2022,2184.0,SRC_CASE03_NBS_POP_01,A,本地缓存-NBS人口指标（来自case02）,file:///D:/Desk/app/academic-data-hunter/cases/case02-nev-emission-controls/data/nbs_resident_population_10k_person.csv,,2026-03-27,指标代码=A030101; 单位=万人; 年份=2022,当前环境NBS在线接口不可达，使用本地缓存回填
北京市,2023,2186.0,SRC_CASE03_NBS_POP_01,A,本地缓存-NBS人口指标（来自case02）,file:///D:/Desk/app/academic-data-hunter/cases/case02-nev-emission-controls/data/nbs_resident_population_10k_person.csv,,2026-03-27,指标代码=A030101; 单位=万人; 年份=2023,当前环境NBS在线接口不可达，使用本地缓存回填
北京市,2024,2183.2,SRC_CASE03_POP2024_SHORT_01,B,www.beijing.gov.cn（2024人口发布）,https://www.beijing.gov.cn/renwen/bjgk/rk/202503/t20250325_4043973.html,,2026-03-27,人口_人口_首都之窗_北京市人民政府门户网站 人文北京 > 北京概况 > 人口 人口 日期：2025-03-25 14:44 来源：北京市统计局 国家统计局北京调查总队 分享： X 字号： 大 中 小 人口 人口 2024年年末全市常住人口2183.2万人，比上年末减少2.6万人。,短名单自动回填（待人工二审）
天津市,2015,1439.0,SRC_CASE03_NBS_POP_01,A,本地缓存-NBS人口指标（来自case02）,file:///D:/Desk/app/academic-data-hunter/cases/case02-nev-emission-controls/data/nbs_resident_population_10k_person.csv,,2026-03-27,指标代码=A030101; 单位=万人; 年份=2015,当前环境NBS在线接口不可达，使用本地缓存回填
天津市,2016,1443.0,SRC_CASE03_NBS_POP_01,A,本地缓存-NBS人口指标（来自case02）,file:///D:/Desk/app/academic-data-hunter/cases/case02-nev-emission-controls/data/nbs_resident_population_10k_person.csv,,2026-03-27,指标代码=A030101; 单位=万人; 年份=2016,当前环境NBS在线接口不可达，使用本地缓存回填
天津市,2017,1410.0,SRC_CASE03_NBS_POP_01,A,本地缓存-NBS人口指标（来自case02）,file:///D:/Desk/app/academic-data-hunter/cases/case02-nev-emission-controls/data/nbs_resident_population_10k_person.csv,,2026-03-27,指标代码=A030101; 单位=万人; 年份=2017,当前环境NBS在线接口不可达，使用本地缓存回填
天津市,2018,1383.0,SRC_CASE03_NBS_POP_01,A,本地缓存-NBS人口指标（来自case02）,file:///D:/Desk/app/academic-data-hunter/cases/case02-nev-emission-controls/data/nbs_resident_population_10k_person.csv,,2026-03-27,指标代码=A030101; 单位=万人; 年份=2018,当前环境NBS在线接口不可达，使用本地缓存回填
天津市,2019,1385.0,SRC_CASE03_NBS_POP_01,A,本地缓存-NBS人口指标（来自case02）,file:///D:/Desk/app/academic-data-hunter/cases/case02-nev-emission-controls/data/nbs_resident_population_10k_person.csv,,2026-03-27,指标代码=A030101; 单位=万人; 年份=2019,当前环境NBS在线接口不可达，使用本地缓存回填
天津市,2020,1387.0,SRC_CASE03_NBS_POP_01,A,本地缓存-NBS人口指标（来自case02）,file:///D:/Desk/app/academic-data-hunter/cases/case02-nev-emission-controls/data/nbs_resident_population_10k_person.csv,,2026-03-27,指标代码=A030101; 单位=万人; 年份=2020,当前环境NBS在线接口不可达，使用本地缓存回填
天津市,2021,1373.0,SRC_CASE03_NBS_POP_01,A,本地缓存-NBS人口指标（来自case02）,file:///D:/Desk/app/academic-data-hunter/cases/case02-nev-emission-controls/data/nbs_resident_population_10k_person.csv,,2026-03-27,指标代码=A030101; 单位=万人; 年份=2021,当前环境NBS在线接口不可达，使用本地缓存回填
天津市,2022,1363.0,SRC_CASE03_NBS_POP_01,A,本地缓存-NBS人口指标（来自case02）,file:///D:/Desk/app/academic-data-hunter/cases/case02-nev-emission-controls/data/nbs_resident_population_10k_person.csv,,2026-03-27,指标代码=A030101; 单位=万人; 年份=2022,当前环境NBS在线接口不可达，使用本地缓存回填
天津市,2023,1364.0,SRC_CASE03_NBS_POP_01,A,本地缓存-NBS人口指标（来自case02）,file:///D:/Desk/app/academic-data-hunter/cases/case02-nev-emission-controls/data/nbs_resident_population_10k_person.csv,,2026-03-27,指标代码=A030101; 单位=万人; 年份=2023,当前环境NBS在线接口不可达，使用本地缓存回填
天津市,2024,1364,SRC_CASE03_POP2024_R3_TJ,A,天津市人民政府-2024年天津市国民经济和社会发展统计公报,https://www.tj.gov.cn/sq/tjgb/202503/t20250324_6890361.html,,2026-03-27,赛。全民健身设施建设不断完善，新建提升户外微场地等设施730处，新建室外智能健身房16处，建成体育公园14处，扩建海河蓝丝带骑行道7公里。举办全民健身赛事活动近7000场，超60万人参与。 十三、人口、就业和人民生活 城镇化水平持续提升。 年末全市常住人口总量1364万人，其中城镇常住人口1173万人，乡村常住人口191万人。城镇化率为86.01%，比上年末提高0.52个百分点。常住人口出生率为4.99‰，死亡率为6.96‰，自然增长率为-1.97‰。 就业形势总体稳定。 贯彻落实各类稳就业政策措施，鼓励企业稳定扩大就业岗位，支持各类群体创业带动就业。出台促进2024届高校毕业生就业创业30条措施，全力稳定高校毕业生、农民工、就业困难人员等重点群体就业。全市城镇新增就业3,Round3严格补采; 2024统计公报正文口径。
河北省,2015,7345.0,SRC_CASE03_NBS_POP_01,A,本地缓存-NBS人口指标（来自case02）,file:///D:/Desk/app/academic-data-hunter/cases/case02-nev-emission-controls/data/nbs_resident_population_10k_person.csv,,2026-03-27,指标代码=A030101; 单位=万人; 年份=2015,当前环境NBS在线接口不可达，使用本地缓存回填
河北省,2016,7375.0,SRC_CASE03_NBS_POP_01,A,本地缓存-NBS人口指标（来自case02）,file:///D:/Desk/app/academic-data-hunter/cases/case02-nev-emission-controls/data/nbs_resident_population_10k_person.csv,,2026-03-27,指标代码=A030101; 单位=万人; 年份=2016,当前环境NBS在线接口不可达，使用本地缓存回填
河北省,2017,7409.0,SRC_CASE03_NBS_POP_01,A,本地缓存-NBS人口指标（来自case02）,file:///D:/Desk/app/academic-data-hunter/cases/case02-nev-emission-controls/data/nbs_resident_population_10k_person.csv,,2026-03-27,指标代码=A030101; 单位=万人; 年份=2017,当前环境NBS在线接口不可达，使用本地缓存回填
河北省,2018,7426.0,SRC_CASE03_NBS_POP_01,A,本地缓存-NBS人口指标（来自case02）,file:///D:/Desk/app/academic-data-hunter/cases/case02-nev-emission-controls/data/nbs_resident_population_10k_person.csv,,2026-03-27,指标代码=A030101; 单位=万人; 年份=2018,当前环境NBS在线接口不可达，使用本地缓存回填
河北省,2019,7447.0,SRC_CASE03_NBS_POP_01,A,本地缓存-NBS人口指标（来自case02）,file:///D:/Desk/app/academic-data-hunter/cases/case02-nev-emission-controls/data/nbs_resident_population_10k_person.csv,,2026-03-27,指标代码=A030101; 单位=万人; 年份=2019,当前环境NBS在线接口不可达，使用本地缓存回填
河北省,2020,7464.0,SRC_CASE03_NBS_POP_01,A,本地缓存-NBS人口指标（来自case02）,file:///D:/Desk/app/academic-data-hunter/cases/case02-nev-emission-controls/data/nbs_resident_population_10k_person.csv,,2026-03-27,指标代码=A030101; 单位=万人; 年份=2020,当前环境NBS在线接口不可达，使用本地缓存回填
河北省,2021,7448.0,SRC_CASE03_NBS_POP_01,A,本地缓存-NBS人口指标（来自case02）,file:///D:/Desk/app/academic-data-hunter/cases/case02-nev-emission-controls/data/nbs_resident_population_10k_person.csv,,2026-03-27,指标代码=A030101; 单位=万人; 年份=2021,当前环境NBS在线接口不可达，使用本地缓存回填
河北省,2022,7420.0,SRC_CASE03_NBS_POP_01,A,本地缓存-NBS人口指标（来自case02）,file:///D:/Desk/app/academic-data-hunter/cases/case02-nev-emission-controls/data/nbs_resident_population_10k_person.csv,,2026-03-27,指标代码=A030101; 单位=万人; 年份=2022,当前环境NBS在线接口不可达，使用本地缓存回填
河北省,2023,7393.0,SRC_CASE03_NBS_POP_01,A,本地缓存-NBS人口指标（来自case02）,file:///D:/Desk/app/academic-data-hunter/cases/case02-nev-emission-controls/data/nbs_resident_population_10k_person.csv,,2026-03-27,指标代码=A030101; 单位=万人; 年份=2023,当前环境NBS在线接口不可达，使用本地缓存回填
河北省,2024,7378,SRC_CASE03_POP2024_SHORT_02,A,tjj.hebei.gov.cn（2024人口发布）,http://tjj.hebei.gov.cn/hbstjj/sj/fbh/101758793797686.html,,2026-03-27,2024年末，全省常住人口7378万人，从净流出转变为净流入2万人，一大批创业者、奋斗者扎根河北。,短名单自动回填（待人工二审）
山西省,2015,3519.0,SRC_CASE03_NBS_POP_01,A,本地缓存-NBS人口指标（来自case02）,file:///D:/Desk/app/academic-data-hunter/cases/case02-nev-emission-controls/data/nbs_resident_population_10k_person.csv,,2026-03-27,指标代码=A030101; 单位=万人; 年份=2015,当前环境NBS在线接口不可达，使用本地缓存回填
山西省,2016,3514.0,SRC_CASE03_NBS_POP_01,A,本地缓存-NBS人口指标（来自case02）,file:///D:/Desk/app/academic-data-hunter/cases/case02-nev-emission-controls/data/nbs_resident_population_10k_person.csv,,2026-03-27,指标代码=A030101; 单位=万人; 年份=2016,当前环境NBS在线接口不可达，使用本地缓存回填
山西省,2017,3510.0,SRC_CASE03_NBS_POP_01,A,本地缓存-NBS人口指标（来自case02）,file:///D:/Desk/app/academic-data-hunter/cases/case02-nev-emission-controls/data/nbs_resident_population_10k_person.csv,,2026-03-27,指标代码=A030101; 单位=万人; 年份=2017,当前环境NBS在线接口不可达，使用本地缓存回填
山西省,2018,3502.0,SRC_CASE03_NBS_POP_01,A,本地缓存-NBS人口指标（来自case02）,file:///D:/Desk/app/academic-data-hunter/cases/case02-nev-emission-controls/data/nbs_resident_population_10k_person.csv,,2026-03-27,指标代码=A030101; 单位=万人; 年份=2018,当前环境NBS在线接口不可达，使用本地缓存回填
山西省,2019,3497.0,SRC_CASE03_NBS_POP_01,A,本地缓存-NBS人口指标（来自case02）,file:///D:/Desk/app/academic-data-hunter/cases/case02-nev-emission-controls/data/nbs_resident_population_10k_person.csv,,2026-03-27,指标代码=A030101; 单位=万人; 年份=2019,当前环境NBS在线接口不可达，使用本地缓存回填
山西省,2020,3490.0,SRC_CASE03_NBS_POP_01,A,本地缓存-NBS人口指标（来自case02）,file:///D:/Desk/app/academic-data-hunter/cases/case02-nev-emission-controls/data/nbs_resident_population_10k_person.csv,,2026-03-27,指标代码=A030101; 单位=万人; 年份=2020,当前环境NBS在线接口不可达，使用本地缓存回填
山西省,2021,3480.0,SRC_CASE03_NBS_POP_01,A,本地缓存-NBS人口指标（来自case02）,file:///D:/Desk/app/academic-data-hunter/cases/case02-nev-emission-controls/data/nbs_resident_population_10k_person.csv,,2026-03-27,指标代码=A030101; 单位=万人; 年份=2021,当前环境NBS在线接口不可达，使用本地缓存回填
山西省,2022,3481.0,SRC_CASE03_NBS_POP_01,A,本地缓存-NBS人口指标（来自case02）,file:///D:/Desk/app/academic-data-hunter/cases/case02-nev-emission-controls/data/nbs_resident_population_10k_person.csv,,2026-03-27,指标代码=A030101; 单位=万人; 年份=2022,当前环境NBS在线接口不可达，使用本地缓存回填
山西省,2023,3466.0,SRC_CASE03_NBS_POP_01,A,本地缓存-NBS人口指标（来自case02）,file:///D:/Desk/app/academic-data-hunter/cases/case02-nev-emission-controls/data/nbs_resident_population_10k_person.csv,,2026-03-27,指标代码=A030101; 单位=万人; 年份=2023,当前环境NBS在线接口不可达，使用本地缓存回填
山西省,2024,3445.96,SRC_CASE03_POP2024_R3_SX,A,山西省统计局-2024年山西省国民经济和社会发展统计公报,http://tjj.shanxi.gov.cn/tjsj/tjgb/ndtjgb/202503/t20250327_9797517.shtml,,2026-03-27,021.46亿元，增长1.8%，占地区生产总值比重为43.2%；第三产业增加值13080.74亿元，增长2.4%，占地区生产总值比重为51.3%。人均地区生产总值73769元，比上年增长2.8%；按2024年平均汇率计算为10358美元。 年末全省常住人口 3445.96万人，比上年末减少20.03万人。其中，城镇常住人口2285.41万人，占常住人口比重为66.32%，比上年末提高1.35个百分点。全年全省出生人口24.00万人，出生率为6.94‰；死亡人口28.79万人，死亡率为8.33‰；自然增长率为-1.39‰。 全年全省城镇新增就业 47.0万人。 全年全省居民消费价格比上年上涨 0.1%。工业生产者出厂价格下降6.7%。工业生产者购进价格下降5.0%。农产品生,Round3严格补采; 2024统计公报正文口径。
内蒙古自治区,2015,2440.0,SRC_CASE03_NBS_POP_01,A,本地缓存-NBS人口指标（来自case02）,file:///D:/Desk/app/academic-data-hunter/cases/case02-nev-emission-controls/data/nbs_resident_population_10k_person.csv,,2026-03-27,指标代码=A030101; 单位=万人; 年份=2015,当前环境NBS在线接口不可达，使用本地缓存回填
内蒙古自治区,2016,2436.0,SRC_CASE03_NBS_POP_01,A,本地缓存-NBS人口指标（来自case02）,file:///D:/Desk/app/academic-data-hunter/cases/case02-nev-emission-controls/data/nbs_resident_population_10k_person.csv,,2026-03-27,指标代码=A030101; 单位=万人; 年份=2016,当前环境NBS在线接口不可达，使用本地缓存回填
内蒙古自治区,2017,2433.0,SRC_CASE03_NBS_POP_01,A,本地缓存-NBS人口指标（来自case02）,file:///D:/Desk/app/academic-data-hunter/cases/case02-nev-emission-controls/data/nbs_resident_population_10k_person.csv,,2026-03-27,指标代码=A030101; 单位=万人; 年份=2017,当前环境NBS在线接口不可达，使用本地缓存回填
内蒙古自治区,2018,2422.0,SRC_CASE03_NBS_POP_01,A,本地缓存-NBS人口指标（来自case02）,file:///D:/Desk/app/academic-data-hunter/cases/case02-nev-emission-controls/data/nbs_resident_population_10k_person.csv,,2026-03-27,指标代码=A030101; 单位=万人; 年份=2018,当前环境NBS在线接口不可达，使用本地缓存回填
内蒙古自治区,2019,2415.0,SRC_CASE03_NBS_POP_01,A,本地缓存-NBS人口指标（来自case02）,file:///D:/Desk/app/academic-data-hunter/cases/case02-nev-emission-controls/data/nbs_resident_population_10k_person.csv,,2026-03-27,指标代码=A030101; 单位=万人; 年份=2019,当前环境NBS在线接口不可达，使用本地缓存回填
内蒙古自治区,2020,2403.0,SRC_CASE03_NBS_POP_01,A,本地缓存-NBS人口指标（来自case02）,file:///D:/Desk/app/academic-data-hunter/cases/case02-nev-emission-controls/data/nbs_resident_population_10k_person.csv,,2026-03-27,指标代码=A030101; 单位=万人; 年份=2020,当前环境NBS在线接口不可达，使用本地缓存回填
内蒙古自治区,2021,2400.0,SRC_CASE03_NBS_POP_01,A,本地缓存-NBS人口指标（来自case02）,file:///D:/Desk/app/academic-data-hunter/cases/case02-nev-emission-controls/data/nbs_resident_population_10k_person.csv,,2026-03-27,指标代码=A030101; 单位=万人; 年份=2021,当前环境NBS在线接口不可达，使用本地缓存回填
内蒙古自治区,2022,2401.0,SRC_CASE03_NBS_POP_01,A,本地缓存-NBS人口指标（来自case02）,file:///D:/Desk/app/academic-data-hunter/cases/case02-nev-emission-controls/data/nbs_resident_population_10k_person.csv,,2026-03-27,指标代码=A030101; 单位=万人; 年份=2022,当前环境NBS在线接口不可达，使用本地缓存回填
内蒙古自治区,2023,2396.0,SRC_CASE03_NBS_POP_01,A,本地缓存-NBS人口指标（来自case02）,file:///D:/Desk/app/academic-data-hunter/cases/case02-nev-emission-controls/data/nbs_resident_population_10k_person.csv,,2026-03-27,指标代码=A030101; 单位=万人; 年份=2023,当前环境NBS在线接口不可达，使用本地缓存回填
内蒙古自治区,2024,2388,SRC_CASE03_POP2024_R3_NM,A,内蒙古自治区人民政府-人口（2024年人口主要数据）,https://www.nmg.gov.cn/asnmg/shjj/rk/index_2383.html,,2026-03-27,一项重要的区情区力调查。本次调查以 2024年11月1日零时为调查的标准时点 ，采取多阶段、分层、概率比例抽样方法，全区 共 抽取 862 个村级样本，调查登记 4.7万住户。现将根据本次调查推算的人口主要数据公布如下： 一、常住人口总量 2024年末 ，全区常住人口 2388 万人，比 2023年减少8万人，下降0.33%。 二、城乡构成 全区常住人口中，城镇人口 1689万人，比2023年增加21.9万人；乡村人口699万人，比2023年减少29.9万人。常住人口城镇化率70.73%，比2023年提高了1.15个百分点。 三、年龄构成 全区常住人口中， 0-15岁人口322万人，占总人口的13.48%；16-59岁人口1496万人，占62.65%；60岁及以上人口57,Round3严格补采; 自治区政府省情页，人口抽样调查推算数据。
辽宁省,2015,4338.0,SRC_CASE03_NBS_POP_01,A,本地缓存-NBS人口指标（来自case02）,file:///D:/Desk/app/academic-data-hunter/cases/case02-nev-emission-controls/data/nbs_resident_population_10k_person.csv,,2026-03-27,指标代码=A030101; 单位=万人; 年份=2015,当前环境NBS在线接口不可达，使用本地缓存回填
辽宁省,2016,4327.0,SRC_CASE03_NBS_POP_01,A,本地缓存-NBS人口指标（来自case02）,file:///D:/Desk/app/academic-data-hunter/cases/case02-nev-emission-controls/data/nbs_resident_population_10k_person.csv,,2026-03-27,指标代码=A030101; 单位=万人; 年份=2016,当前环境NBS在线接口不可达，使用本地缓存回填
辽宁省,2017,4312.0,SRC_CASE03_NBS_POP_01,A,本地缓存-NBS人口指标（来自case02）,file:///D:/Desk/app/academic-data-hunter/cases/case02-nev-emission-controls/data/nbs_resident_population_10k_person.csv,,2026-03-27,指标代码=A030101; 单位=万人; 年份=2017,当前环境NBS在线接口不可达，使用本地缓存回填
辽宁省,2018,4291.0,SRC_CASE03_NBS_POP_01,A,本地缓存-NBS人口指标（来自case02）,file:///D:/Desk/app/academic-data-hunter/cases/case02-nev-emission-controls/data/nbs_resident_population_10k_person.csv,,2026-03-27,指标代码=A030101; 单位=万人; 年份=2018,当前环境NBS在线接口不可达，使用本地缓存回填
辽宁省,2019,4277.0,SRC_CASE03_NBS_POP_01,A,本地缓存-NBS人口指标（来自case02）,file:///D:/Desk/app/academic-data-hunter/cases/case02-nev-emission-controls/data/nbs_resident_population_10k_person.csv,,2026-03-27,指标代码=A030101; 单位=万人; 年份=2019,当前环境NBS在线接口不可达，使用本地缓存回填
辽宁省,2020,4255.0,SRC_CASE03_NBS_POP_01,A,本地缓存-NBS人口指标（来自case02）,file:///D:/Desk/app/academic-data-hunter/cases/case02-nev-emission-controls/data/nbs_resident_population_10k_person.csv,,2026-03-27,指标代码=A030101; 单位=万人; 年份=2020,当前环境NBS在线接口不可达，使用本地缓存回填
辽宁省,2021,4229.0,SRC_CASE03_NBS_POP_01,A,本地缓存-NBS人口指标（来自case02）,file:///D:/Desk/app/academic-data-hunter/cases/case02-nev-emission-controls/data/nbs_resident_population_10k_person.csv,,2026-03-27,指标代码=A030101; 单位=万人; 年份=2021,当前环境NBS在线接口不可达，使用本地缓存回填
辽宁省,2022,4197.0,SRC_CASE03_NBS_POP_01,A,本地缓存-NBS人口指标（来自case02）,file:///D:/Desk/app/academic-data-hunter/cases/case02-nev-emission-controls/data/nbs_resident_population_10k_person.csv,,2026-03-27,指标代码=A030101; 单位=万人; 年份=2022,当前环境NBS在线接口不可达，使用本地缓存回填
辽宁省,2023,4182.0,SRC_CASE03_NBS_POP_01,A,本地缓存-NBS人口指标（来自case02）,file:///D:/Desk/app/academic-data-hunter/cases/case02-nev-emission-controls/data/nbs_resident_population_10k_person.csv,,2026-03-27,指标代码=A030101; 单位=万人; 年份=2023,当前环境NBS在线接口不可达，使用本地缓存回填
辽宁省,2024,4155,SRC_CASE03_POP2024_R3_LN,A,辽宁省人民政府-人口与民族（来源省统计局）,https://www.ln.gov.cn/web/sqgk/rkymz/2025101310563144642/index.shtml,,2026-03-27,务公开 办事服务 互动交流 数据发布 省情概况 首页 > 省情概况 > 人口与民族 人口与民族 人口与民族 发布时间：2025年04月02日 信息来源：省统计局网站 【 字体： 大 中 小 】 【打印文章】 人口 根据5‰人口抽样调查推算，2024年末常住人口4155万人。其中，城镇人口3082万人，占常住人口的比重为74.18%；乡村人口1073万人，占25.82%。 全年出生人口18.0万人，出生率为4.32‰；死亡人口40.1万人，死亡率为9.62‰；人口自然增长率为-5.30‰。 2024年末0-15岁（含不满16周岁）人口441万人，占常住人口的比重为10.61%；16-59岁（含不满60周岁）人口2419万人，占58.22%；60周岁及以上人口1295万人，占,Round3严格补采; 省政府发布页面注明来源为省统计局网站。
吉林省,2015,2613.0,SRC_CASE03_NBS_POP_01,A,本地缓存-NBS人口指标（来自case02）,file:///D:/Desk/app/academic-data-hunter/cases/case02-nev-emission-controls/data/nbs_resident_population_10k_person.csv,,2026-03-27,指标代码=A030101; 单位=万人; 年份=2015,当前环境NBS在线接口不可达，使用本地缓存回填
吉林省,2016,2567.0,SRC_CASE03_NBS_POP_01,A,本地缓存-NBS人口指标（来自case02）,file:///D:/Desk/app/academic-data-hunter/cases/case02-nev-emission-controls/data/nbs_resident_population_10k_person.csv,,2026-03-27,指标代码=A030101; 单位=万人; 年份=2016,当前环境NBS在线接口不可达，使用本地缓存回填
吉林省,2017,2526.0,SRC_CASE03_NBS_POP_01,A,本地缓存-NBS人口指标（来自case02）,file:///D:/Desk/app/academic-data-hunter/cases/case02-nev-emission-controls/data/nbs_resident_population_10k_person.csv,,2026-03-27,指标代码=A030101; 单位=万人; 年份=2017,当前环境NBS在线接口不可达，使用本地缓存回填
吉林省,2018,2484.0,SRC_CASE03_NBS_POP_01,A,本地缓存-NBS人口指标（来自case02）,file:///D:/Desk/app/academic-data-hunter/cases/case02-nev-emission-controls/data/nbs_resident_population_10k_person.csv,,2026-03-27,指标代码=A030101; 单位=万人; 年份=2018,当前环境NBS在线接口不可达，使用本地缓存回填
吉林省,2019,2448.0,SRC_CASE03_NBS_POP_01,A,本地缓存-NBS人口指标（来自case02）,file:///D:/Desk/app/academic-data-hunter/cases/case02-nev-emission-controls/data/nbs_resident_population_10k_person.csv,,2026-03-27,指标代码=A030101; 单位=万人; 年份=2019,当前环境NBS在线接口不可达，使用本地缓存回填
吉林省,2020,2399.0,SRC_CASE03_NBS_POP_01,A,本地缓存-NBS人口指标（来自case02）,file:///D:/Desk/app/academic-data-hunter/cases/case02-nev-emission-controls/data/nbs_resident_population_10k_person.csv,,2026-03-27,指标代码=A030101; 单位=万人; 年份=2020,当前环境NBS在线接口不可达，使用本地缓存回填
吉林省,2021,2375.0,SRC_CASE03_NBS_POP_01,A,本地缓存-NBS人口指标（来自case02）,file:///D:/Desk/app/academic-data-hunter/cases/case02-nev-emission-controls/data/nbs_resident_population_10k_person.csv,,2026-03-27,指标代码=A030101; 单位=万人; 年份=2021,当前环境NBS在线接口不可达，使用本地缓存回填
吉林省,2022,2348.0,SRC_CASE03_NBS_POP_01,A,本地缓存-NBS人口指标（来自case02）,file:///D:/Desk/app/academic-data-hunter/cases/case02-nev-emission-controls/data/nbs_resident_population_10k_person.csv,,2026-03-27,指标代码=A030101; 单位=万人; 年份=2022,当前环境NBS在线接口不可达，使用本地缓存回填
吉林省,2023,2339.0,SRC_CASE03_NBS_POP_01,A,本地缓存-NBS人口指标（来自case02）,file:///D:/Desk/app/academic-data-hunter/cases/case02-nev-emission-controls/data/nbs_resident_population_10k_person.csv,,2026-03-27,指标代码=A030101; 单位=万人; 年份=2023,当前环境NBS在线接口不可达，使用本地缓存回填
吉林省,2024,2317.31,SRC_CASE03_POP2024_R3_JL,A,吉林省统计局-2024年吉林省国民经济和社会发展统计公报,https://tjj.jl.gov.cn/tjsj/tjgb/ndgb/202503/t20250324_3419691.html,,2026-03-27,80亿元，比上年增长4.5%；第二产业增加值4577.64亿元，增长3.9%；第三产业增加值8193.79亿元，增长4.4%。第一产业增加值占地区生产总值的比重为11.1%，第二产业增加值比重为31.9%，第三产业增加值比重为57.0%。 年末全省总人口为 2317.31万人，比上年减少22.10万人，其中城镇常住人口1523.89万人，占总人口比重（常住人口城镇化率）为65.76%，比上年提高1.04个百分点。全年出生人口9.70万人，死亡人口21.00万人。人口性别比为99.27（以女性为100）。全年全省城镇新增就业23.35万人。 表 1 2024年年末人口数及其构成 指标 年末数（万人） 比重（ %） 全省总人口 2317.31 — 其中：城镇 1523.89 ,Round3严格补采; 公报以“全省总人口”表述，后接城镇常住人口结构信息。
黑龙江省,2015,3529.0,SRC_CASE03_NBS_POP_01,A,本地缓存-NBS人口指标（来自case02）,file:///D:/Desk/app/academic-data-hunter/cases/case02-nev-emission-controls/data/nbs_resident_population_10k_person.csv,,2026-03-27,指标代码=A030101; 单位=万人; 年份=2015,当前环境NBS在线接口不可达，使用本地缓存回填
黑龙江省,2016,3463.0,SRC_CASE03_NBS_POP_01,A,本地缓存-NBS人口指标（来自case02）,file:///D:/Desk/app/academic-data-hunter/cases/case02-nev-emission-controls/data/nbs_resident_population_10k_person.csv,,2026-03-27,指标代码=A030101; 单位=万人; 年份=2016,当前环境NBS在线接口不可达，使用本地缓存回填
黑龙江省,2017,3399.0,SRC_CASE03_NBS_POP_01,A,本地缓存-NBS人口指标（来自case02）,file:///D:/Desk/app/academic-data-hunter/cases/case02-nev-emission-controls/data/nbs_resident_population_10k_person.csv,,2026-03-27,指标代码=A030101; 单位=万人; 年份=2017,当前环境NBS在线接口不可达，使用本地缓存回填
黑龙江省,2018,3327.0,SRC_CASE03_NBS_POP_01,A,本地缓存-NBS人口指标（来自case02）,file:///D:/Desk/app/academic-data-hunter/cases/case02-nev-emission-controls/data/nbs_resident_population_10k_person.csv,,2026-03-27,指标代码=A030101; 单位=万人; 年份=2018,当前环境NBS在线接口不可达，使用本地缓存回填
黑龙江省,2019,3255.0,SRC_CASE03_NBS_POP_01,A,本地缓存-NBS人口指标（来自case02）,file:///D:/Desk/app/academic-data-hunter/cases/case02-nev-emission-controls/data/nbs_resident_population_10k_person.csv,,2026-03-27,指标代码=A030101; 单位=万人; 年份=2019,当前环境NBS在线接口不可达，使用本地缓存回填
黑龙江省,2020,3171.0,SRC_CASE03_NBS_POP_01,A,本地缓存-NBS人口指标（来自case02）,file:///D:/Desk/app/academic-data-hunter/cases/case02-nev-emission-controls/data/nbs_resident_population_10k_person.csv,,2026-03-27,指标代码=A030101; 单位=万人; 年份=2020,当前环境NBS在线接口不可达，使用本地缓存回填
黑龙江省,2021,3125.0,SRC_CASE03_NBS_POP_01,A,本地缓存-NBS人口指标（来自case02）,file:///D:/Desk/app/academic-data-hunter/cases/case02-nev-emission-controls/data/nbs_resident_population_10k_person.csv,,2026-03-27,指标代码=A030101; 单位=万人; 年份=2021,当前环境NBS在线接口不可达，使用本地缓存回填
黑龙江省,2022,3099.0,SRC_CASE03_NBS_POP_01,A,本地缓存-NBS人口指标（来自case02）,file:///D:/Desk/app/academic-data-hunter/cases/case02-nev-emission-controls/data/nbs_resident_population_10k_person.csv,,2026-03-27,指标代码=A030101; 单位=万人; 年份=2022,当前环境NBS在线接口不可达，使用本地缓存回填
黑龙江省,2023,3062.0,SRC_CASE03_NBS_POP_01,A,本地缓存-NBS人口指标（来自case02）,file:///D:/Desk/app/academic-data-hunter/cases/case02-nev-emission-controls/data/nbs_resident_population_10k_person.csv,,2026-03-27,指标代码=A030101; 单位=万人; 年份=2023,当前环境NBS在线接口不可达，使用本地缓存回填
黑龙江省,2024,3029,SRC_CASE03_POP2024_R3_HLJ,A,黑龙江省人民政府-2024年黑龙江省国民经济和社会发展统计公报,https://www.hlj.gov.cn/hlj/c108419/202504/c00_31866784.shtml,,2026-03-27,长 2.9% ；第二产业增加值 4147.3 亿元，下降 0.2% ；第三产业增加值 9126.2 亿元，增长 4.7% 。三次产业结构为 19.4 ： 25.2 ： 55.4 。 常住人口。 2024 年 5‰ 人口变动抽样调查显示，全省年末常住总人口 3029 万人，其中城镇人口 2061 万人，乡村人口 968 万人。常住人口城镇化率为 68.05% ，比上年末提高 0.94 个百分点。 0 — 14 岁人口占全省总人口的比重为 8.4% ， 65 岁及以上人口占全省总人口的比重为 19.4% 。 表 1 2024 年年末人口数及其构成 指标 年末数（万人） 比重（ % ） 年末常住总人口 3029 100.0 其中：城镇 2061 68.05 乡村 968 31.,Round3严格补采; 2024统计公报正文口径。
上海市,2015,2458.0,SRC_CASE03_NBS_POP_01,A,本地缓存-NBS人口指标（来自case02）,file:///D:/Desk/app/academic-data-hunter/cases/case02-nev-emission-controls/data/nbs_resident_population_10k_person.csv,,2026-03-27,指标代码=A030101; 单位=万人; 年份=2015,当前环境NBS在线接口不可达，使用本地缓存回填
上海市,2016,2467.0,SRC_CASE03_NBS_POP_01,A,本地缓存-NBS人口指标（来自case02）,file:///D:/Desk/app/academic-data-hunter/cases/case02-nev-emission-controls/data/nbs_resident_population_10k_person.csv,,2026-03-27,指标代码=A030101; 单位=万人; 年份=2016,当前环境NBS在线接口不可达，使用本地缓存回填
上海市,2017,2466.0,SRC_CASE03_NBS_POP_01,A,本地缓存-NBS人口指标（来自case02）,file:///D:/Desk/app/academic-data-hunter/cases/case02-nev-emission-controls/data/nbs_resident_population_10k_person.csv,,2026-03-27,指标代码=A030101; 单位=万人; 年份=2017,当前环境NBS在线接口不可达，使用本地缓存回填
上海市,2018,2475.0,SRC_CASE03_NBS_POP_01,A,本地缓存-NBS人口指标（来自case02）,file:///D:/Desk/app/academic-data-hunter/cases/case02-nev-emission-controls/data/nbs_resident_population_10k_person.csv,,2026-03-27,指标代码=A030101; 单位=万人; 年份=2018,当前环境NBS在线接口不可达，使用本地缓存回填
上海市,2019,2481.0,SRC_CASE03_NBS_POP_01,A,本地缓存-NBS人口指标（来自case02）,file:///D:/Desk/app/academic-data-hunter/cases/case02-nev-emission-controls/data/nbs_resident_population_10k_person.csv,,2026-03-27,指标代码=A030101; 单位=万人; 年份=2019,当前环境NBS在线接口不可达，使用本地缓存回填
上海市,2020,2488.0,SRC_CASE03_NBS_POP_01,A,本地缓存-NBS人口指标（来自case02）,file:///D:/Desk/app/academic-data-hunter/cases/case02-nev-emission-controls/data/nbs_resident_population_10k_person.csv,,2026-03-27,指标代码=A030101; 单位=万人; 年份=2020,当前环境NBS在线接口不可达，使用本地缓存回填
上海市,2021,2489.0,SRC_CASE03_NBS_POP_01,A,本地缓存-NBS人口指标（来自case02）,file:///D:/Desk/app/academic-data-hunter/cases/case02-nev-emission-controls/data/nbs_resident_population_10k_person.csv,,2026-03-27,指标代码=A030101; 单位=万人; 年份=2021,当前环境NBS在线接口不可达，使用本地缓存回填
上海市,2022,2475.0,SRC_CASE03_NBS_POP_01,A,本地缓存-NBS人口指标（来自case02）,file:///D:/Desk/app/academic-data-hunter/cases/case02-nev-emission-controls/data/nbs_resident_population_10k_person.csv,,2026-03-27,指标代码=A030101; 单位=万人; 年份=2022,当前环境NBS在线接口不可达，使用本地缓存回填
上海市,2023,2487.0,SRC_CASE03_NBS_POP_01,A,本地缓存-NBS人口指标（来自case02）,file:///D:/Desk/app/academic-data-hunter/cases/case02-nev-emission-controls/data/nbs_resident_population_10k_person.csv,,2026-03-27,指标代码=A030101; 单位=万人; 年份=2023,当前环境NBS在线接口不可达，使用本地缓存回填
上海市,2024,2480.26,SRC_CASE03_POP2024_R3_SH,A,上海市统计局-2024年上海市国民经济和社会发展统计公报,https://tjj.sh.gov.cn/tjgb/20250324/a7fe18c6d5c24d66bfca89c5bb4cdcfb.html,,2026-03-27,米，全市人均体育场地面积达到2.65平方米。全年建成社区市民健身中心34个、市民健身步道89条、市民益智健身苑点1186个、市民健身驿站81个、市民运动球场183片、长者运动健康之家38个。新增都市运动中心8个。 十三、人口和就业 至年末，全市常住人口为2480.26万人。其中，户籍常住人口1496.77万人，外来常住人口983.49万人。全年常住人口出生11.8万人，出生率为4.75‰；死亡15.6万人，死亡率为6.28‰；常住人口自然增长率为-1.53‰；常住人口出生性别比为107.2。 全年城镇新增就业人数62.17万人（见图4），全年帮助就业困难人员实现就业76677人，新消除零就业家庭46户。全年创业帮扶19930户，帮助15819名长期失业青年实现就业创业。全,Round3严格补采; 2024统计公报正文口径。
江苏省,2015,8315.0,SRC_CASE03_NBS_POP_01,A,本地缓存-NBS人口指标（来自case02）,file:///D:/Desk/app/academic-data-hunter/cases/case02-nev-emission-controls/data/nbs_resident_population_10k_person.csv,,2026-03-27,指标代码=A030101; 单位=万人; 年份=2015,当前环境NBS在线接口不可达，使用本地缓存回填
江苏省,2016,8381.0,SRC_CASE03_NBS_POP_01,A,本地缓存-NBS人口指标（来自case02）,file:///D:/Desk/app/academic-data-hunter/cases/case02-nev-emission-controls/data/nbs_resident_population_10k_person.csv,,2026-03-27,指标代码=A030101; 单位=万人; 年份=2016,当前环境NBS在线接口不可达，使用本地缓存回填
江苏省,2017,8423.0,SRC_CASE03_NBS_POP_01,A,本地缓存-NBS人口指标（来自case02）,file:///D:/Desk/app/academic-data-hunter/cases/case02-nev-emission-controls/data/nbs_resident_population_10k_person.csv,,2026-03-27,指标代码=A030101; 单位=万人; 年份=2017,当前环境NBS在线接口不可达，使用本地缓存回填
江苏省,2018,8446.0,SRC_CASE03_NBS_POP_01,A,本地缓存-NBS人口指标（来自case02）,file:///D:/Desk/app/academic-data-hunter/cases/case02-nev-emission-controls/data/nbs_resident_population_10k_person.csv,,2026-03-27,指标代码=A030101; 单位=万人; 年份=2018,当前环境NBS在线接口不可达，使用本地缓存回填
江苏省,2019,8469.0,SRC_CASE03_NBS_POP_01,A,本地缓存-NBS人口指标（来自case02）,file:///D:/Desk/app/academic-data-hunter/cases/case02-nev-emission-controls/data/nbs_resident_population_10k_person.csv,,2026-03-27,指标代码=A030101; 单位=万人; 年份=2019,当前环境NBS在线接口不可达，使用本地缓存回填
江苏省,2020,8477.0,SRC_CASE03_NBS_POP_01,A,本地缓存-NBS人口指标（来自case02）,file:///D:/Desk/app/academic-data-hunter/cases/case02-nev-emission-controls/data/nbs_resident_population_10k_person.csv,,2026-03-27,指标代码=A030101; 单位=万人; 年份=2020,当前环境NBS在线接口不可达，使用本地缓存回填
江苏省,2021,8505.0,SRC_CASE03_NBS_POP_01,A,本地缓存-NBS人口指标（来自case02）,file:///D:/Desk/app/academic-data-hunter/cases/case02-nev-emission-controls/data/nbs_resident_population_10k_person.csv,,2026-03-27,指标代码=A030101; 单位=万人; 年份=2021,当前环境NBS在线接口不可达，使用本地缓存回填
江苏省,2022,8515.0,SRC_CASE03_NBS_POP_01,A,本地缓存-NBS人口指标（来自case02）,file:///D:/Desk/app/academic-data-hunter/cases/case02-nev-emission-controls/data/nbs_resident_population_10k_person.csv,,2026-03-27,指标代码=A030101; 单位=万人; 年份=2022,当前环境NBS在线接口不可达，使用本地缓存回填
江苏省,2023,8526.0,SRC_CASE03_NBS_POP_01,A,本地缓存-NBS人口指标（来自case02）,file:///D:/Desk/app/academic-data-hunter/cases/case02-nev-emission-controls/data/nbs_resident_population_10k_person.csv,,2026-03-27,指标代码=A030101; 单位=万人; 年份=2023,当前环境NBS在线接口不可达，使用本地缓存回填
江苏省,2024,8526,SRC_CASE03_POP2024_R3_JS,A,江苏省人民政府-人口区划（2024年末常住人口）,https://www.jiangsu.gov.cn/col/col88749/index.html,,2026-03-27, 首页 省政府 要闻动态 政务公开 办事服务 政民互动 数据开放 走进江苏 当前位置： 首页 > 走进江苏 > 印象江苏 > 人口区划 人口区划 时间：2025-04-21 10:50 来源：江苏省人民政府网 字号：默认 小 大 常住人口 2024年末，全省常住人口8526万人，与上年末持平。男性人口4321万人，女性人口4205万人；0—14岁人口1110万人，15—64岁人口5822万人，65岁及以上人口1594万人。全年人口出生率5.0‰，人口死亡率7.5‰，人口自然增长率-2.5‰。新型城镇化建设稳步推进，年末常住人口城镇化率达75.5%，比上年末提高0.5个百分点。 行政区划 截至2024年12月31日，全省共有13个设区市，95个县（市、区），其中19个县、2,Round3严格补采; 江苏政府省情页人口条目，含2024年末常住人口。
浙江省,2015,5985.0,SRC_CASE03_NBS_POP_01,A,本地缓存-NBS人口指标（来自case02）,file:///D:/Desk/app/academic-data-hunter/cases/case02-nev-emission-controls/data/nbs_resident_population_10k_person.csv,,2026-03-27,指标代码=A030101; 单位=万人; 年份=2015,当前环境NBS在线接口不可达，使用本地缓存回填
浙江省,2016,6072.0,SRC_CASE03_NBS_POP_01,A,本地缓存-NBS人口指标（来自case02）,file:///D:/Desk/app/academic-data-hunter/cases/case02-nev-emission-controls/data/nbs_resident_population_10k_person.csv,,2026-03-27,指标代码=A030101; 单位=万人; 年份=2016,当前环境NBS在线接口不可达，使用本地缓存回填
浙江省,2017,6170.0,SRC_CASE03_NBS_POP_01,A,本地缓存-NBS人口指标（来自case02）,file:///D:/Desk/app/academic-data-hunter/cases/case02-nev-emission-controls/data/nbs_resident_population_10k_person.csv,,2026-03-27,指标代码=A030101; 单位=万人; 年份=2017,当前环境NBS在线接口不可达，使用本地缓存回填
浙江省,2018,6273.0,SRC_CASE03_NBS_POP_01,A,本地缓存-NBS人口指标（来自case02）,file:///D:/Desk/app/academic-data-hunter/cases/case02-nev-emission-controls/data/nbs_resident_population_10k_person.csv,,2026-03-27,指标代码=A030101; 单位=万人; 年份=2018,当前环境NBS在线接口不可达，使用本地缓存回填
浙江省,2019,6375.0,SRC_CASE03_NBS_POP_01,A,本地缓存-NBS人口指标（来自case02）,file:///D:/Desk/app/academic-data-hunter/cases/case02-nev-emission-controls/data/nbs_resident_population_10k_person.csv,,2026-03-27,指标代码=A030101; 单位=万人; 年份=2019,当前环境NBS在线接口不可达，使用本地缓存回填
浙江省,2020,6468.0,SRC_CASE03_NBS_POP_01,A,本地缓存-NBS人口指标（来自case02）,file:///D:/Desk/app/academic-data-hunter/cases/case02-nev-emission-controls/data/nbs_resident_population_10k_person.csv,,2026-03-27,指标代码=A030101; 单位=万人; 年份=2020,当前环境NBS在线接口不可达，使用本地缓存回填
浙江省,2021,6540.0,SRC_CASE03_NBS_POP_01,A,本地缓存-NBS人口指标（来自case02）,file:///D:/Desk/app/academic-data-hunter/cases/case02-nev-emission-controls/data/nbs_resident_population_10k_person.csv,,2026-03-27,指标代码=A030101; 单位=万人; 年份=2021,当前环境NBS在线接口不可达，使用本地缓存回填
浙江省,2022,6577.0,SRC_CASE03_NBS_POP_01,A,本地缓存-NBS人口指标（来自case02）,file:///D:/Desk/app/academic-data-hunter/cases/case02-nev-emission-controls/data/nbs_resident_population_10k_person.csv,,2026-03-27,指标代码=A030101; 单位=万人; 年份=2022,当前环境NBS在线接口不可达，使用本地缓存回填
浙江省,2023,6627.0,SRC_CASE03_NBS_POP_01,A,本地缓存-NBS人口指标（来自case02）,file:///D:/Desk/app/academic-data-hunter/cases/case02-nev-emission-controls/data/nbs_resident_population_10k_person.csv,,2026-03-27,指标代码=A030101; 单位=万人; 年份=2023,当前环境NBS在线接口不可达，使用本地缓存回填
浙江省,2024,6670,SRC_CASE03_POP2024_SHORT_03,A,tjj.zj.gov.cn（2024人口发布）,http://tjj.zj.gov.cn/art/2025/3/1/art_1229129205_5469687.html,,2026-03-27,现将根据人口变动抽样调查数据推算的浙江省2024年人口主要数据公布如下： 一、常住人口 2024年末，全省常住人口为6670万人，与2023年末常住人口6627万人相比，增加43万人。,短名单自动回填（待人工二审）
安徽省,2015,6011.0,SRC_CASE03_NBS_POP_01,A,本地缓存-NBS人口指标（来自case02）,file:///D:/Desk/app/academic-data-hunter/cases/case02-nev-emission-controls/data/nbs_resident_population_10k_person.csv,,2026-03-27,指标代码=A030101; 单位=万人; 年份=2015,当前环境NBS在线接口不可达，使用本地缓存回填
安徽省,2016,6033.0,SRC_CASE03_NBS_POP_01,A,本地缓存-NBS人口指标（来自case02）,file:///D:/Desk/app/academic-data-hunter/cases/case02-nev-emission-controls/data/nbs_resident_population_10k_person.csv,,2026-03-27,指标代码=A030101; 单位=万人; 年份=2016,当前环境NBS在线接口不可达，使用本地缓存回填
安徽省,2017,6057.0,SRC_CASE03_NBS_POP_01,A,本地缓存-NBS人口指标（来自case02）,file:///D:/Desk/app/academic-data-hunter/cases/case02-nev-emission-controls/data/nbs_resident_population_10k_person.csv,,2026-03-27,指标代码=A030101; 单位=万人; 年份=2017,当前环境NBS在线接口不可达，使用本地缓存回填
安徽省,2018,6076.0,SRC_CASE03_NBS_POP_01,A,本地缓存-NBS人口指标（来自case02）,file:///D:/Desk/app/academic-data-hunter/cases/case02-nev-emission-controls/data/nbs_resident_population_10k_person.csv,,2026-03-27,指标代码=A030101; 单位=万人; 年份=2018,当前环境NBS在线接口不可达，使用本地缓存回填
安徽省,2019,6092.0,SRC_CASE03_NBS_POP_01,A,本地缓存-NBS人口指标（来自case02）,file:///D:/Desk/app/academic-data-hunter/cases/case02-nev-emission-controls/data/nbs_resident_population_10k_person.csv,,2026-03-27,指标代码=A030101; 单位=万人; 年份=2019,当前环境NBS在线接口不可达，使用本地缓存回填
安徽省,2020,6105.0,SRC_CASE03_NBS_POP_01,A,本地缓存-NBS人口指标（来自case02）,file:///D:/Desk/app/academic-data-hunter/cases/case02-nev-emission-controls/data/nbs_resident_population_10k_person.csv,,2026-03-27,指标代码=A030101; 单位=万人; 年份=2020,当前环境NBS在线接口不可达，使用本地缓存回填
安徽省,2021,6113.0,SRC_CASE03_NBS_POP_01,A,本地缓存-NBS人口指标（来自case02）,file:///D:/Desk/app/academic-data-hunter/cases/case02-nev-emission-controls/data/nbs_resident_population_10k_person.csv,,2026-03-27,指标代码=A030101; 单位=万人; 年份=2021,当前环境NBS在线接口不可达，使用本地缓存回填
安徽省,2022,6127.0,SRC_CASE03_NBS_POP_01,A,本地缓存-NBS人口指标（来自case02）,file:///D:/Desk/app/academic-data-hunter/cases/case02-nev-emission-controls/data/nbs_resident_population_10k_person.csv,,2026-03-27,指标代码=A030101; 单位=万人; 年份=2022,当前环境NBS在线接口不可达，使用本地缓存回填
安徽省,2023,6121.0,SRC_CASE03_NBS_POP_01,A,本地缓存-NBS人口指标（来自case02）,file:///D:/Desk/app/academic-data-hunter/cases/case02-nev-emission-controls/data/nbs_resident_population_10k_person.csv,,2026-03-27,指标代码=A030101; 单位=万人; 年份=2023,当前环境NBS在线接口不可达，使用本地缓存回填
安徽省,2024,6123,SRC_CASE03_POP2024_SHORT_04,B,www.ahjgbzw.gov.cn（2024人口发布）,http://www.ahjgbzw.gov.cn/special/detail/?_id=67f330607f8b9add4a8b4576,,2026-03-27,根据《安徽省2024年国民经济和社会发展统计公报》，安徽年末全省常住人口6123万人，比上年末增加2万人。,短名单自动回填（待人工二审）
福建省,2015,3984.0,SRC_CASE03_NBS_POP_01,A,本地缓存-NBS人口指标（来自case02）,file:///D:/Desk/app/academic-data-hunter/cases/case02-nev-emission-controls/data/nbs_resident_population_10k_person.csv,,2026-03-27,指标代码=A030101; 单位=万人; 年份=2015,当前环境NBS在线接口不可达，使用本地缓存回填
福建省,2016,4016.0,SRC_CASE03_NBS_POP_01,A,本地缓存-NBS人口指标（来自case02）,file:///D:/Desk/app/academic-data-hunter/cases/case02-nev-emission-controls/data/nbs_resident_population_10k_person.csv,,2026-03-27,指标代码=A030101; 单位=万人; 年份=2016,当前环境NBS在线接口不可达，使用本地缓存回填
福建省,2017,4065.0,SRC_CASE03_NBS_POP_01,A,本地缓存-NBS人口指标（来自case02）,file:///D:/Desk/app/academic-data-hunter/cases/case02-nev-emission-controls/data/nbs_resident_population_10k_person.csv,,2026-03-27,指标代码=A030101; 单位=万人; 年份=2017,当前环境NBS在线接口不可达，使用本地缓存回填
福建省,2018,4104.0,SRC_CASE03_NBS_POP_01,A,本地缓存-NBS人口指标（来自case02）,file:///D:/Desk/app/academic-data-hunter/cases/case02-nev-emission-controls/data/nbs_resident_population_10k_person.csv,,2026-03-27,指标代码=A030101; 单位=万人; 年份=2018,当前环境NBS在线接口不可达，使用本地缓存回填
福建省,2019,4137.0,SRC_CASE03_NBS_POP_01,A,本地缓存-NBS人口指标（来自case02）,file:///D:/Desk/app/academic-data-hunter/cases/case02-nev-emission-controls/data/nbs_resident_population_10k_person.csv,,2026-03-27,指标代码=A030101; 单位=万人; 年份=2019,当前环境NBS在线接口不可达，使用本地缓存回填
福建省,2020,4161.0,SRC_CASE03_NBS_POP_01,A,本地缓存-NBS人口指标（来自case02）,file:///D:/Desk/app/academic-data-hunter/cases/case02-nev-emission-controls/data/nbs_resident_population_10k_person.csv,,2026-03-27,指标代码=A030101; 单位=万人; 年份=2020,当前环境NBS在线接口不可达，使用本地缓存回填
福建省,2021,4187.0,SRC_CASE03_NBS_POP_01,A,本地缓存-NBS人口指标（来自case02）,file:///D:/Desk/app/academic-data-hunter/cases/case02-nev-emission-controls/data/nbs_resident_population_10k_person.csv,,2026-03-27,指标代码=A030101; 单位=万人; 年份=2021,当前环境NBS在线接口不可达，使用本地缓存回填
福建省,2022,4188.0,SRC_CASE03_NBS_POP_01,A,本地缓存-NBS人口指标（来自case02）,file:///D:/Desk/app/academic-data-hunter/cases/case02-nev-emission-controls/data/nbs_resident_population_10k_person.csv,,2026-03-27,指标代码=A030101; 单位=万人; 年份=2022,当前环境NBS在线接口不可达，使用本地缓存回填
福建省,2023,4183.0,SRC_CASE03_NBS_POP_01,A,本地缓存-NBS人口指标（来自case02）,file:///D:/Desk/app/academic-data-hunter/cases/case02-nev-emission-controls/data/nbs_resident_population_10k_person.csv,,2026-03-27,指标代码=A030101; 单位=万人; 年份=2023,当前环境NBS在线接口不可达，使用本地缓存回填
福建省,2024,4193,SRC_CASE03_POP2024_R3_FJ,A,福建省人民政府-2024年福建省国民经济和社会发展统计公报,https://www.fujian.gov.cn/zwgk/sjfb/tjgb/202503/t20250313_6779048.htm,,2026-03-27,， 第三 产业增加值比重为 51.5 %。全年人均 地区 生产总值 137920 元，比上年增长 5.5 %。 图1 20 20 -202 4 年地区生产总值及其增长速度 图2 20 20 -202 4 年三次产业增加值占地区生产总值比重 年末常住人口 4193 万人 ，比上年末增加 10万人 。其中，城镇常住人口 3011 万人，占总人口比重（常住人口城镇化率）为 71.80 %，比上年末提高 0.76 个百分点。全年人口出生率为 6.95 ‰，人口死亡率为 6.71 ‰，自然增长率为 0.24 ‰。年末户籍人口数为 3961.96 万人。 全年城镇新增就业 53.1 万人。失业人员实现再就业 14.3 万 人 。 全年居民消费价格 比上年下降 0.1% 。工业生产者出,Round3严格补采; 2024统计公报正文口径。
江西省,2015,4485.0,SRC_CASE03_NBS_POP_01,A,本地缓存-NBS人口指标（来自case02）,file:///D:/Desk/app/academic-data-hunter/cases/case02-nev-emission-controls/data/nbs_resident_population_10k_person.csv,,2026-03-27,指标代码=A030101; 单位=万人; 年份=2015,当前环境NBS在线接口不可达，使用本地缓存回填
江西省,2016,4496.0,SRC_CASE03_NBS_POP_01,A,本地缓存-NBS人口指标（来自case02）,file:///D:/Desk/app/academic-data-hunter/cases/case02-nev-emission-controls/data/nbs_resident_population_10k_person.csv,,2026-03-27,指标代码=A030101; 单位=万人; 年份=2016,当前环境NBS在线接口不可达，使用本地缓存回填
江西省,2017,4511.0,SRC_CASE03_NBS_POP_01,A,本地缓存-NBS人口指标（来自case02）,file:///D:/Desk/app/academic-data-hunter/cases/case02-nev-emission-controls/data/nbs_resident_population_10k_person.csv,,2026-03-27,指标代码=A030101; 单位=万人; 年份=2017,当前环境NBS在线接口不可达，使用本地缓存回填
江西省,2018,4513.0,SRC_CASE03_NBS_POP_01,A,本地缓存-NBS人口指标（来自case02）,file:///D:/Desk/app/academic-data-hunter/cases/case02-nev-emission-controls/data/nbs_resident_population_10k_person.csv,,2026-03-27,指标代码=A030101; 单位=万人; 年份=2018,当前环境NBS在线接口不可达，使用本地缓存回填
江西省,2019,4516.0,SRC_CASE03_NBS_POP_01,A,本地缓存-NBS人口指标（来自case02）,file:///D:/Desk/app/academic-data-hunter/cases/case02-nev-emission-controls/data/nbs_resident_population_10k_person.csv,,2026-03-27,指标代码=A030101; 单位=万人; 年份=2019,当前环境NBS在线接口不可达，使用本地缓存回填
江西省,2020,4519.0,SRC_CASE03_NBS_POP_01,A,本地缓存-NBS人口指标（来自case02）,file:///D:/Desk/app/academic-data-hunter/cases/case02-nev-emission-controls/data/nbs_resident_population_10k_person.csv,,2026-03-27,指标代码=A030101; 单位=万人; 年份=2020,当前环境NBS在线接口不可达，使用本地缓存回填
江西省,2021,4517.0,SRC_CASE03_NBS_POP_01,A,本地缓存-NBS人口指标（来自case02）,file:///D:/Desk/app/academic-data-hunter/cases/case02-nev-emission-controls/data/nbs_resident_population_10k_person.csv,,2026-03-27,指标代码=A030101; 单位=万人; 年份=2021,当前环境NBS在线接口不可达，使用本地缓存回填
江西省,2022,4528.0,SRC_CASE03_NBS_POP_01,A,本地缓存-NBS人口指标（来自case02）,file:///D:/Desk/app/academic-data-hunter/cases/case02-nev-emission-controls/data/nbs_resident_population_10k_person.csv,,2026-03-27,指标代码=A030101; 单位=万人; 年份=2022,当前环境NBS在线接口不可达，使用本地缓存回填
江西省,2023,4515.0,SRC_CASE03_NBS_POP_01,A,本地缓存-NBS人口指标（来自case02）,file:///D:/Desk/app/academic-data-hunter/cases/case02-nev-emission-controls/data/nbs_resident_population_10k_person.csv,,2026-03-27,指标代码=A030101; 单位=万人; 年份=2023,当前环境NBS在线接口不可达，使用本地缓存回填
江西省,2024,4502.01,SRC_CASE03_POP2024_SHORT_05,B,gzjkq.ganzhou.gov.cn（2024人口发布）,https://gzjkq.ganzhou.gov.cn/jkqxxgk/tjxx/202502/5965234c199049a39b1cf075030ae0cf.shtml,,2026-03-27,2024年江西省常住人口数据公布 | 经济技术开发区管委会信息公开 关怀版 无障碍 无障碍 赣州经济技术开发区 您当前所在位置： 首页>法定主动公开内容>重点领域信息> 统计信息 索 引 号： 文件编号： 分 类： 生成日期： 2025-02-20 公开方式： 公开时限： 公开范围： 责任部门： 2024年江西省常住人口数据公布 访问量： 江西省统计局发布数据，2024年末， 江西全省常住人口4502.01万人，比上年末减少13.00万人。,短名单自动回填（待人工二审）
山东省,2015,9866.0,SRC_CASE03_NBS_POP_01,A,本地缓存-NBS人口指标（来自case02）,file:///D:/Desk/app/academic-data-hunter/cases/case02-nev-emission-controls/data/nbs_resident_population_10k_person.csv,,2026-03-27,指标代码=A030101; 单位=万人; 年份=2015,当前环境NBS在线接口不可达，使用本地缓存回填
山东省,2016,9973.0,SRC_CASE03_NBS_POP_01,A,本地缓存-NBS人口指标（来自case02）,file:///D:/Desk/app/academic-data-hunter/cases/case02-nev-emission-controls/data/nbs_resident_population_10k_person.csv,,2026-03-27,指标代码=A030101; 单位=万人; 年份=2016,当前环境NBS在线接口不可达，使用本地缓存回填
山东省,2017,10033.0,SRC_CASE03_NBS_POP_01,A,本地缓存-NBS人口指标（来自case02）,file:///D:/Desk/app/academic-data-hunter/cases/case02-nev-emission-controls/data/nbs_resident_population_10k_person.csv,,2026-03-27,指标代码=A030101; 单位=万人; 年份=2017,当前环境NBS在线接口不可达，使用本地缓存回填
山东省,2018,10077.0,SRC_CASE03_NBS_POP_01,A,本地缓存-NBS人口指标（来自case02）,file:///D:/Desk/app/academic-data-hunter/cases/case02-nev-emission-controls/data/nbs_resident_population_10k_person.csv,,2026-03-27,指标代码=A030101; 单位=万人; 年份=2018,当前环境NBS在线接口不可达，使用本地缓存回填
山东省,2019,10106.0,SRC_CASE03_NBS_POP_01,A,本地缓存-NBS人口指标（来自case02）,file:///D:/Desk/app/academic-data-hunter/cases/case02-nev-emission-controls/data/nbs_resident_population_10k_person.csv,,2026-03-27,指标代码=A030101; 单位=万人; 年份=2019,当前环境NBS在线接口不可达，使用本地缓存回填
山东省,2020,10165.0,SRC_CASE03_NBS_POP_01,A,本地缓存-NBS人口指标（来自case02）,file:///D:/Desk/app/academic-data-hunter/cases/case02-nev-emission-controls/data/nbs_resident_population_10k_person.csv,,2026-03-27,指标代码=A030101; 单位=万人; 年份=2020,当前环境NBS在线接口不可达，使用本地缓存回填
山东省,2021,10170.0,SRC_CASE03_NBS_POP_01,A,本地缓存-NBS人口指标（来自case02）,file:///D:/Desk/app/academic-data-hunter/cases/case02-nev-emission-controls/data/nbs_resident_population_10k_person.csv,,2026-03-27,指标代码=A030101; 单位=万人; 年份=2021,当前环境NBS在线接口不可达，使用本地缓存回填
山东省,2022,10163.0,SRC_CASE03_NBS_POP_01,A,本地缓存-NBS人口指标（来自case02）,file:///D:/Desk/app/academic-data-hunter/cases/case02-nev-emission-controls/data/nbs_resident_population_10k_person.csv,,2026-03-27,指标代码=A030101; 单位=万人; 年份=2022,当前环境NBS在线接口不可达，使用本地缓存回填
山东省,2023,10123.0,SRC_CASE03_NBS_POP_01,A,本地缓存-NBS人口指标（来自case02）,file:///D:/Desk/app/academic-data-hunter/cases/case02-nev-emission-controls/data/nbs_resident_population_10k_person.csv,,2026-03-27,指标代码=A030101; 单位=万人; 年份=2023,当前环境NBS在线接口不可达，使用本地缓存回填
山东省,2024,10080.17,SRC_CASE03_POP2024_R3_SD,A,山东省统计局-2024年山东省国民经济和社会发展统计公报,http://tjj.shandong.gov.cn/art/2025/3/5/art_104039_10316728.html,,2026-03-27,"生产总值98565.8亿元，比上年增长5.7%。其中，第一产业增加值6616.9亿元，增长3.7%；第二产业增加值39608.6亿元，增长6.6%；第三产业增加值52340.3亿元，增长5.4%。三次产业结构为6.7∶40.2∶53.1。 年末常住人口10080.17万人。其中，0-15岁（含不满16周岁）人口占总人口的17.99%，16-59岁（含不满60周岁）人口占57.39%,60岁及以上人口占24.62%。常住人口城镇化率为66.48%，比上年末提高0.95个百分点。全年出生人口64.9万人,出生率6.42‰；死亡人口81.7万人，死亡率8.09‰；人口自然增长率-1.67‰。 全年城镇新增就业124.5万人，完成全年目标的113.2%。失业人员实现再就业59.9",Round3严格补采; 2024统计公报正文口径。
河南省,2015,9701.0,SRC_CASE03_NBS_POP_01,A,本地缓存-NBS人口指标（来自case02）,file:///D:/Desk/app/academic-data-hunter/cases/case02-nev-emission-controls/data/nbs_resident_population_10k_person.csv,,2026-03-27,指标代码=A030101; 单位=万人; 年份=2015,当前环境NBS在线接口不可达，使用本地缓存回填
河南省,2016,9778.0,SRC_CASE03_NBS_POP_01,A,本地缓存-NBS人口指标（来自case02）,file:///D:/Desk/app/academic-data-hunter/cases/case02-nev-emission-controls/data/nbs_resident_population_10k_person.csv,,2026-03-27,指标代码=A030101; 单位=万人; 年份=2016,当前环境NBS在线接口不可达，使用本地缓存回填
河南省,2017,9829.0,SRC_CASE03_NBS_POP_01,A,本地缓存-NBS人口指标（来自case02）,file:///D:/Desk/app/academic-data-hunter/cases/case02-nev-emission-controls/data/nbs_resident_population_10k_person.csv,,2026-03-27,指标代码=A030101; 单位=万人; 年份=2017,当前环境NBS在线接口不可达，使用本地缓存回填
河南省,2018,9864.0,SRC_CASE03_NBS_POP_01,A,本地缓存-NBS人口指标（来自case02）,file:///D:/Desk/app/academic-data-hunter/cases/case02-nev-emission-controls/data/nbs_resident_population_10k_person.csv,,2026-03-27,指标代码=A030101; 单位=万人; 年份=2018,当前环境NBS在线接口不可达，使用本地缓存回填
河南省,2019,9901.0,SRC_CASE03_NBS_POP_01,A,本地缓存-NBS人口指标（来自case02）,file:///D:/Desk/app/academic-data-hunter/cases/case02-nev-emission-controls/data/nbs_resident_population_10k_person.csv,,2026-03-27,指标代码=A030101; 单位=万人; 年份=2019,当前环境NBS在线接口不可达，使用本地缓存回填
河南省,2020,9941.0,SRC_CASE03_NBS_POP_01,A,本地缓存-NBS人口指标（来自case02）,file:///D:/Desk/app/academic-data-hunter/cases/case02-nev-emission-controls/data/nbs_resident_population_10k_person.csv,,2026-03-27,指标代码=A030101; 单位=万人; 年份=2020,当前环境NBS在线接口不可达，使用本地缓存回填
河南省,2021,9883.0,SRC_CASE03_NBS_POP_01,A,本地缓存-NBS人口指标（来自case02）,file:///D:/Desk/app/academic-data-hunter/cases/case02-nev-emission-controls/data/nbs_resident_population_10k_person.csv,,2026-03-27,指标代码=A030101; 单位=万人; 年份=2021,当前环境NBS在线接口不可达，使用本地缓存回填
河南省,2022,9872.0,SRC_CASE03_NBS_POP_01,A,本地缓存-NBS人口指标（来自case02）,file:///D:/Desk/app/academic-data-hunter/cases/case02-nev-emission-controls/data/nbs_resident_population_10k_person.csv,,2026-03-27,指标代码=A030101; 单位=万人; 年份=2022,当前环境NBS在线接口不可达，使用本地缓存回填
河南省,2023,9815.0,SRC_CASE03_NBS_POP_01,A,本地缓存-NBS人口指标（来自case02）,file:///D:/Desk/app/academic-data-hunter/cases/case02-nev-emission-controls/data/nbs_resident_population_10k_person.csv,,2026-03-27,指标代码=A030101; 单位=万人; 年份=2023,当前环境NBS在线接口不可达，使用本地缓存回填
河南省,2024,9785,SRC_CASE03_POP2024_SHORT_06,A,tjj.henan.gov.cn（2024人口发布）,https://tjj.henan.gov.cn/2025/04-02/3143962.html,,2026-03-27,图1 2020-2024年河南省三次产业增加值占地区生产总值比重 年末全省常住人口9785万人，其中城镇常住人口5795万人，乡村常住人口3990万人；,短名单自动回填（待人工二审）
湖北省,2015,5850.0,SRC_CASE03_NBS_POP_01,A,本地缓存-NBS人口指标（来自case02）,file:///D:/Desk/app/academic-data-hunter/cases/case02-nev-emission-controls/data/nbs_resident_population_10k_person.csv,,2026-03-27,指标代码=A030101; 单位=万人; 年份=2015,当前环境NBS在线接口不可达，使用本地缓存回填
湖北省,2016,5885.0,SRC_CASE03_NBS_POP_01,A,本地缓存-NBS人口指标（来自case02）,file:///D:/Desk/app/academic-data-hunter/cases/case02-nev-emission-controls/data/nbs_resident_population_10k_person.csv,,2026-03-27,指标代码=A030101; 单位=万人; 年份=2016,当前环境NBS在线接口不可达，使用本地缓存回填
湖北省,2017,5904.0,SRC_CASE03_NBS_POP_01,A,本地缓存-NBS人口指标（来自case02）,file:///D:/Desk/app/academic-data-hunter/cases/case02-nev-emission-controls/data/nbs_resident_population_10k_person.csv,,2026-03-27,指标代码=A030101; 单位=万人; 年份=2017,当前环境NBS在线接口不可达，使用本地缓存回填
湖北省,2018,5917.0,SRC_CASE03_NBS_POP_01,A,本地缓存-NBS人口指标（来自case02）,file:///D:/Desk/app/academic-data-hunter/cases/case02-nev-emission-controls/data/nbs_resident_population_10k_person.csv,,2026-03-27,指标代码=A030101; 单位=万人; 年份=2018,当前环境NBS在线接口不可达，使用本地缓存回填
湖北省,2019,5927.0,SRC_CASE03_NBS_POP_01,A,本地缓存-NBS人口指标（来自case02）,file:///D:/Desk/app/academic-data-hunter/cases/case02-nev-emission-controls/data/nbs_resident_population_10k_person.csv,,2026-03-27,指标代码=A030101; 单位=万人; 年份=2019,当前环境NBS在线接口不可达，使用本地缓存回填
湖北省,2020,5745.0,SRC_CASE03_NBS_POP_01,A,本地缓存-NBS人口指标（来自case02）,file:///D:/Desk/app/academic-data-hunter/cases/case02-nev-emission-controls/data/nbs_resident_population_10k_person.csv,,2026-03-27,指标代码=A030101; 单位=万人; 年份=2020,当前环境NBS在线接口不可达，使用本地缓存回填
湖北省,2021,5830.0,SRC_CASE03_NBS_POP_01,A,本地缓存-NBS人口指标（来自case02）,file:///D:/Desk/app/academic-data-hunter/cases/case02-nev-emission-controls/data/nbs_resident_population_10k_person.csv,,2026-03-27,指标代码=A030101; 单位=万人; 年份=2021,当前环境NBS在线接口不可达，使用本地缓存回填
湖北省,2022,5844.0,SRC_CASE03_NBS_POP_01,A,本地缓存-NBS人口指标（来自case02）,file:///D:/Desk/app/academic-data-hunter/cases/case02-nev-emission-controls/data/nbs_resident_population_10k_person.csv,,2026-03-27,指标代码=A030101; 单位=万人; 年份=2022,当前环境NBS在线接口不可达，使用本地缓存回填
湖北省,2023,5838.0,SRC_CASE03_NBS_POP_01,A,本地缓存-NBS人口指标（来自case02）,file:///D:/Desk/app/academic-data-hunter/cases/case02-nev-emission-controls/data/nbs_resident_population_10k_person.csv,,2026-03-27,指标代码=A030101; 单位=万人; 年份=2023,当前环境NBS在线接口不可达，使用本地缓存回填
湖北省,2024,5834,SRC_CASE03_POP2024_R3_HB,A,湖北省统计局-2024年湖北省国民经济和社会发展统计公报,https://tjj.hubei.gov.cn/tjsj/tjgb/ndtjgb/qstjgb/202503/t20250321_5585085.shtml,,2026-03-27,出院人次1525万人次。 全年全省运动健儿在国际比赛中共获得冠军101项次、亚军60项次、季军38项次；在各类全国比赛中，获冠军217项次、亚军187项次、季军227项次。全年销售体育彩票179.32亿元。 十一、人口、居民生活和社会保障 年末全省常住人口5834万人，其中，城镇3871万人，乡村1963万人。城镇化率达到66.35%。全年出生人口31.4万人，出生率为5.38‰；死亡人口49.7万人，死亡率为8.52‰，人口自然增长率为-3.14‰。 全年全省居民人均可支配收入36947元，比上年增长5.1%。按常住地分，城镇居民人均可支配收入46987元，增长4.4%；农村居民人均可支配收入22580元，增长6.0%。全省居民人均生活消费支出27888元，增长2.9%,Round3严格补采; 2024统计公报正文口径。
湖南省,2015,6615.0,SRC_CASE03_NBS_POP_01,A,本地缓存-NBS人口指标（来自case02）,file:///D:/Desk/app/academic-data-hunter/cases/case02-nev-emission-controls/data/nbs_resident_population_10k_person.csv,,2026-03-27,指标代码=A030101; 单位=万人; 年份=2015,当前环境NBS在线接口不可达，使用本地缓存回填
湖南省,2016,6625.0,SRC_CASE03_NBS_POP_01,A,本地缓存-NBS人口指标（来自case02）,file:///D:/Desk/app/academic-data-hunter/cases/case02-nev-emission-controls/data/nbs_resident_population_10k_person.csv,,2026-03-27,指标代码=A030101; 单位=万人; 年份=2016,当前环境NBS在线接口不可达，使用本地缓存回填
湖南省,2017,6633.0,SRC_CASE03_NBS_POP_01,A,本地缓存-NBS人口指标（来自case02）,file:///D:/Desk/app/academic-data-hunter/cases/case02-nev-emission-controls/data/nbs_resident_population_10k_person.csv,,2026-03-27,指标代码=A030101; 单位=万人; 年份=2017,当前环境NBS在线接口不可达，使用本地缓存回填
湖南省,2018,6635.0,SRC_CASE03_NBS_POP_01,A,本地缓存-NBS人口指标（来自case02）,file:///D:/Desk/app/academic-data-hunter/cases/case02-nev-emission-controls/data/nbs_resident_population_10k_person.csv,,2026-03-27,指标代码=A030101; 单位=万人; 年份=2018,当前环境NBS在线接口不可达，使用本地缓存回填
湖南省,2019,6640.0,SRC_CASE03_NBS_POP_01,A,本地缓存-NBS人口指标（来自case02）,file:///D:/Desk/app/academic-data-hunter/cases/case02-nev-emission-controls/data/nbs_resident_population_10k_person.csv,,2026-03-27,指标代码=A030101; 单位=万人; 年份=2019,当前环境NBS在线接口不可达，使用本地缓存回填
湖南省,2020,6645.0,SRC_CASE03_NBS_POP_01,A,本地缓存-NBS人口指标（来自case02）,file:///D:/Desk/app/academic-data-hunter/cases/case02-nev-emission-controls/data/nbs_resident_population_10k_person.csv,,2026-03-27,指标代码=A030101; 单位=万人; 年份=2020,当前环境NBS在线接口不可达，使用本地缓存回填
湖南省,2021,6622.0,SRC_CASE03_NBS_POP_01,A,本地缓存-NBS人口指标（来自case02）,file:///D:/Desk/app/academic-data-hunter/cases/case02-nev-emission-controls/data/nbs_resident_population_10k_person.csv,,2026-03-27,指标代码=A030101; 单位=万人; 年份=2021,当前环境NBS在线接口不可达，使用本地缓存回填
湖南省,2022,6604.0,SRC_CASE03_NBS_POP_01,A,本地缓存-NBS人口指标（来自case02）,file:///D:/Desk/app/academic-data-hunter/cases/case02-nev-emission-controls/data/nbs_resident_population_10k_person.csv,,2026-03-27,指标代码=A030101; 单位=万人; 年份=2022,当前环境NBS在线接口不可达，使用本地缓存回填
湖南省,2023,6568.0,SRC_CASE03_NBS_POP_01,A,本地缓存-NBS人口指标（来自case02）,file:///D:/Desk/app/academic-data-hunter/cases/case02-nev-emission-controls/data/nbs_resident_population_10k_person.csv,,2026-03-27,指标代码=A030101; 单位=万人; 年份=2023,当前环境NBS在线接口不可达，使用本地缓存回填
湖南省,2024,6539,SRC_CASE03_POP2024_R3_HN,A,湖南省人民政府-2024年湖南省国民经济和社会发展统计公报,http://www.hunan.gov.cn/hnszf/zfsj/tjgb/202503/t20250321_33620617.html,,2026-03-27, 全省开展全民健身项目3555项次。新建农民体育健身工程的行政村430个。全年获得50个全国冠军。体育场地211020个。其中，体育馆324座，运动场7689个，游泳池1624个，各种训练房6958个。 十一、人口、居民收入消费和社会保障 年末全省常住人口6539万人。其中，城镇人口4059万人，城镇化率62.07%，比上年末提高0.91个百分点。全年出生人口38.6万人，出生率5.89‰；死亡人口58.5万人，死亡率8.93‰；人口自然增长率-3.04‰。0-15岁（含不满16周岁）人口占常住人口的比重为18.06%，下降0.78个百分点；16-59岁（含不满60周岁）人口比重为58.45%，下降0.48个百分点；60岁及以上人口比重为23.49%，提高1.26个百分点,Round3严格补采; 2024统计公报正文口径。
广东省,2015,11678.0,SRC_CASE03_NBS_POP_01,A,本地缓存-NBS人口指标（来自case02）,file:///D:/Desk/app/academic-data-hunter/cases/case02-nev-emission-controls/data/nbs_resident_population_10k_person.csv,,2026-03-27,指标代码=A030101; 单位=万人; 年份=2015,当前环境NBS在线接口不可达，使用本地缓存回填
广东省,2016,11908.0,SRC_CASE03_NBS_POP_01,A,本地缓存-NBS人口指标（来自case02）,file:///D:/Desk/app/academic-data-hunter/cases/case02-nev-emission-controls/data/nbs_resident_population_10k_person.csv,,2026-03-27,指标代码=A030101; 单位=万人; 年份=2016,当前环境NBS在线接口不可达，使用本地缓存回填
广东省,2017,12141.0,SRC_CASE03_NBS_POP_01,A,本地缓存-NBS人口指标（来自case02）,file:///D:/Desk/app/academic-data-hunter/cases/case02-nev-emission-controls/data/nbs_resident_population_10k_person.csv,,2026-03-27,指标代码=A030101; 单位=万人; 年份=2017,当前环境NBS在线接口不可达，使用本地缓存回填
广东省,2018,12348.0,SRC_CASE03_NBS_POP_01,A,本地缓存-NBS人口指标（来自case02）,file:///D:/Desk/app/academic-data-hunter/cases/case02-nev-emission-controls/data/nbs_resident_population_10k_person.csv,,2026-03-27,指标代码=A030101; 单位=万人; 年份=2018,当前环境NBS在线接口不可达，使用本地缓存回填
广东省,2019,12489.0,SRC_CASE03_NBS_POP_01,A,本地缓存-NBS人口指标（来自case02）,file:///D:/Desk/app/academic-data-hunter/cases/case02-nev-emission-controls/data/nbs_resident_population_10k_person.csv,,2026-03-27,指标代码=A030101; 单位=万人; 年份=2019,当前环境NBS在线接口不可达，使用本地缓存回填
广东省,2020,12624.0,SRC_CASE03_NBS_POP_01,A,本地缓存-NBS人口指标（来自case02）,file:///D:/Desk/app/academic-data-hunter/cases/case02-nev-emission-controls/data/nbs_resident_population_10k_person.csv,,2026-03-27,指标代码=A030101; 单位=万人; 年份=2020,当前环境NBS在线接口不可达，使用本地缓存回填
广东省,2021,12684.0,SRC_CASE03_NBS_POP_01,A,本地缓存-NBS人口指标（来自case02）,file:///D:/Desk/app/academic-data-hunter/cases/case02-nev-emission-controls/data/nbs_resident_population_10k_person.csv,,2026-03-27,指标代码=A030101; 单位=万人; 年份=2021,当前环境NBS在线接口不可达，使用本地缓存回填
广东省,2022,12657.0,SRC_CASE03_NBS_POP_01,A,本地缓存-NBS人口指标（来自case02）,file:///D:/Desk/app/academic-data-hunter/cases/case02-nev-emission-controls/data/nbs_resident_population_10k_person.csv,,2026-03-27,指标代码=A030101; 单位=万人; 年份=2022,当前环境NBS在线接口不可达，使用本地缓存回填
广东省,2023,12706.0,SRC_CASE03_NBS_POP_01,A,本地缓存-NBS人口指标（来自case02）,file:///D:/Desk/app/academic-data-hunter/cases/case02-nev-emission-controls/data/nbs_resident_population_10k_person.csv,,2026-03-27,指标代码=A030101; 单位=万人; 年份=2023,当前环境NBS在线接口不可达，使用本地缓存回填
广东省,2024,12780,SRC_CASE03_POP2024_SHORT_07,B,www.qb.gd.gov.cn（2024人口发布）,http://www.qb.gd.gov.cn/tzgd/content/post_1285920.html,,2026-03-27,3月26日，广东省统计局与国家统计局广东调查总队联合发布的2024年广东省国民经济和社会发展统计公报显示，2024年末，全省常住人口12780万人，比上年末增加74万人。,短名单自动回填（待人工二审）
广西壮族自治区,2015,4811.0,SRC_CASE03_NBS_POP_01,A,本地缓存-NBS人口指标（来自case02）,file:///D:/Desk/app/academic-data-hunter/cases/case02-nev-emission-controls/data/nbs_resident_population_10k_person.csv,,2026-03-27,指标代码=A030101; 单位=万人; 年份=2015,当前环境NBS在线接口不可达，使用本地缓存回填
广西壮族自治区,2016,4857.0,SRC_CASE03_NBS_POP_01,A,本地缓存-NBS人口指标（来自case02）,file:///D:/Desk/app/academic-data-hunter/cases/case02-nev-emission-controls/data/nbs_resident_population_10k_person.csv,,2026-03-27,指标代码=A030101; 单位=万人; 年份=2016,当前环境NBS在线接口不可达，使用本地缓存回填
广西壮族自治区,2017,4907.0,SRC_CASE03_NBS_POP_01,A,本地缓存-NBS人口指标（来自case02）,file:///D:/Desk/app/academic-data-hunter/cases/case02-nev-emission-controls/data/nbs_resident_population_10k_person.csv,,2026-03-27,指标代码=A030101; 单位=万人; 年份=2017,当前环境NBS在线接口不可达，使用本地缓存回填
广西壮族自治区,2018,4947.0,SRC_CASE03_NBS_POP_01,A,本地缓存-NBS人口指标（来自case02）,file:///D:/Desk/app/academic-data-hunter/cases/case02-nev-emission-controls/data/nbs_resident_population_10k_person.csv,,2026-03-27,指标代码=A030101; 单位=万人; 年份=2018,当前环境NBS在线接口不可达，使用本地缓存回填
广西壮族自治区,2019,4982.0,SRC_CASE03_NBS_POP_01,A,本地缓存-NBS人口指标（来自case02）,file:///D:/Desk/app/academic-data-hunter/cases/case02-nev-emission-controls/data/nbs_resident_population_10k_person.csv,,2026-03-27,指标代码=A030101; 单位=万人; 年份=2019,当前环境NBS在线接口不可达，使用本地缓存回填
广西壮族自治区,2020,5019.0,SRC_CASE03_NBS_POP_01,A,本地缓存-NBS人口指标（来自case02）,file:///D:/Desk/app/academic-data-hunter/cases/case02-nev-emission-controls/data/nbs_resident_population_10k_person.csv,,2026-03-27,指标代码=A030101; 单位=万人; 年份=2020,当前环境NBS在线接口不可达，使用本地缓存回填
广西壮族自治区,2021,5037.0,SRC_CASE03_NBS_POP_01,A,本地缓存-NBS人口指标（来自case02）,file:///D:/Desk/app/academic-data-hunter/cases/case02-nev-emission-controls/data/nbs_resident_population_10k_person.csv,,2026-03-27,指标代码=A030101; 单位=万人; 年份=2021,当前环境NBS在线接口不可达，使用本地缓存回填
广西壮族自治区,2022,5047.0,SRC_CASE03_NBS_POP_01,A,本地缓存-NBS人口指标（来自case02）,file:///D:/Desk/app/academic-data-hunter/cases/case02-nev-emission-controls/data/nbs_resident_population_10k_person.csv,,2026-03-27,指标代码=A030101; 单位=万人; 年份=2022,当前环境NBS在线接口不可达，使用本地缓存回填
广西壮族自治区,2023,5027.0,SRC_CASE03_NBS_POP_01,A,本地缓存-NBS人口指标（来自case02）,file:///D:/Desk/app/academic-data-hunter/cases/case02-nev-emission-controls/data/nbs_resident_population_10k_person.csv,,2026-03-27,指标代码=A030101; 单位=万人; 年份=2023,当前环境NBS在线接口不可达，使用本地缓存回填
广西壮族自治区,2024,5013,SRC_CASE03_POP2024_R3_GX,A,广西壮族自治区统计局-2024年广西壮族自治区国民经济和社会发展统计公报,http://tjj.gxzf.gov.cn/tjsj/tjgb/qqgb/t19769919.shtml,,2026-03-27,41.4% 和 41.2% 。按常住人口计算，全年人均地区生产总值 57071 元，比上年增长 4.5% 。 图 1 2020 — 2024 年广西生产总值及其增长速度 图 2 2020 — 2024 年广西三次产业增加值占 GDP 比重 年末全区常住人口 [3] 5013 万人，比上年末减少 14 万人，其中城镇人口 2877 万人，占常住人口比重（常住人口城镇化率）为 57.39% ，比上年末提高 0.61 个百分点。全年出生人口 42.0 万人，出生率为 8.37‰ ；死亡人口 37.6 万人，死亡率为 7.49‰ ；自然增长率为 0.88‰ 。 图 3 2020 — 2024 年年末广西常住人口城镇化率 表 1 2024 年年末广西常住人口数及其构成 指 标 年末,Round3严格补采; 2024统计公报正文口径。
海南省,2015,945.0,SRC_CASE03_NBS_POP_01,A,本地缓存-NBS人口指标（来自case02）,file:///D:/Desk/app/academic-data-hunter/cases/case02-nev-emission-controls/data/nbs_resident_population_10k_person.csv,,2026-03-27,指标代码=A030101; 单位=万人; 年份=2015,当前环境NBS在线接口不可达，使用本地缓存回填
海南省,2016,957.0,SRC_CASE03_NBS_POP_01,A,本地缓存-NBS人口指标（来自case02）,file:///D:/Desk/app/academic-data-hunter/cases/case02-nev-emission-controls/data/nbs_resident_population_10k_person.csv,,2026-03-27,指标代码=A030101; 单位=万人; 年份=2016,当前环境NBS在线接口不可达，使用本地缓存回填
海南省,2017,972.0,SRC_CASE03_NBS_POP_01,A,本地缓存-NBS人口指标（来自case02）,file:///D:/Desk/app/academic-data-hunter/cases/case02-nev-emission-controls/data/nbs_resident_population_10k_person.csv,,2026-03-27,指标代码=A030101; 单位=万人; 年份=2017,当前环境NBS在线接口不可达，使用本地缓存回填
海南省,2018,982.0,SRC_CASE03_NBS_POP_01,A,本地缓存-NBS人口指标（来自case02）,file:///D:/Desk/app/academic-data-hunter/cases/case02-nev-emission-controls/data/nbs_resident_population_10k_person.csv,,2026-03-27,指标代码=A030101; 单位=万人; 年份=2018,当前环境NBS在线接口不可达，使用本地缓存回填
海南省,2019,995.0,SRC_CASE03_NBS_POP_01,A,本地缓存-NBS人口指标（来自case02）,file:///D:/Desk/app/academic-data-hunter/cases/case02-nev-emission-controls/data/nbs_resident_population_10k_person.csv,,2026-03-27,指标代码=A030101; 单位=万人; 年份=2019,当前环境NBS在线接口不可达，使用本地缓存回填
海南省,2020,1012.0,SRC_CASE03_NBS_POP_01,A,本地缓存-NBS人口指标（来自case02）,file:///D:/Desk/app/academic-data-hunter/cases/case02-nev-emission-controls/data/nbs_resident_population_10k_person.csv,,2026-03-27,指标代码=A030101; 单位=万人; 年份=2020,当前环境NBS在线接口不可达，使用本地缓存回填
海南省,2021,1020.0,SRC_CASE03_NBS_POP_01,A,本地缓存-NBS人口指标（来自case02）,file:///D:/Desk/app/academic-data-hunter/cases/case02-nev-emission-controls/data/nbs_resident_population_10k_person.csv,,2026-03-27,指标代码=A030101; 单位=万人; 年份=2021,当前环境NBS在线接口不可达，使用本地缓存回填
海南省,2022,1027.0,SRC_CASE03_NBS_POP_01,A,本地缓存-NBS人口指标（来自case02）,file:///D:/Desk/app/academic-data-hunter/cases/case02-nev-emission-controls/data/nbs_resident_population_10k_person.csv,,2026-03-27,指标代码=A030101; 单位=万人; 年份=2022,当前环境NBS在线接口不可达，使用本地缓存回填
海南省,2023,1043.0,SRC_CASE03_NBS_POP_01,A,本地缓存-NBS人口指标（来自case02）,file:///D:/Desk/app/academic-data-hunter/cases/case02-nev-emission-controls/data/nbs_resident_population_10k_person.csv,,2026-03-27,指标代码=A030101; 单位=万人; 年份=2023,当前环境NBS在线接口不可达，使用本地缓存回填
海南省,2024,1048.31,SRC_CASE03_POP2024_SHORT_08,B,geo.hainan.gov.cn（2024人口发布）,https://geo.hainan.gov.cn/sdzj/hygq/202504/201d4bbad0c24dd095a083dcbce38f49.shtml,,2026-03-27,海南2024年常住人口1048.31万人 较上年增加5.1万人_回应关切_海南省地质局 关怀版 首页 | 机构介绍 | 要闻动态 | 信息公开 | 政务服务 | 互动交流 | 地质主业 | 数据 数据发布 网站首页 机构介绍 要闻动态 信息公开 解读回应 办事服务 互动交流 数据开放 地质主业 网站首页 机构介绍 要闻动态 信息公开 解读回应 办事服务 互动交流 数据开放 地质主业 首页 > 解读回应 > 回应关切 海南2024年常住人口1048.31万人 较上年增加5.1万人 2025-04-10 14:44 来,短名单自动回填（待人工二审）
重庆市,2015,3070.0,SRC_CASE03_NBS_POP_01,A,本地缓存-NBS人口指标（来自case02）,file:///D:/Desk/app/academic-data-hunter/cases/case02-nev-emission-controls/data/nbs_resident_population_10k_person.csv,,2026-03-27,指标代码=A030101; 单位=万人; 年份=2015,当前环境NBS在线接口不可达，使用本地缓存回填
重庆市,2016,3110.0,SRC_CASE03_NBS_POP_01,A,本地缓存-NBS人口指标（来自case02）,file:///D:/Desk/app/academic-data-hunter/cases/case02-nev-emission-controls/data/nbs_resident_population_10k_person.csv,,2026-03-27,指标代码=A030101; 单位=万人; 年份=2016,当前环境NBS在线接口不可达，使用本地缓存回填
重庆市,2017,3144.0,SRC_CASE03_NBS_POP_01,A,本地缓存-NBS人口指标（来自case02）,file:///D:/Desk/app/academic-data-hunter/cases/case02-nev-emission-controls/data/nbs_resident_population_10k_person.csv,,2026-03-27,指标代码=A030101; 单位=万人; 年份=2017,当前环境NBS在线接口不可达，使用本地缓存回填
重庆市,2018,3163.0,SRC_CASE03_NBS_POP_01,A,本地缓存-NBS人口指标（来自case02）,file:///D:/Desk/app/academic-data-hunter/cases/case02-nev-emission-controls/data/nbs_resident_population_10k_person.csv,,2026-03-27,指标代码=A030101; 单位=万人; 年份=2018,当前环境NBS在线接口不可达，使用本地缓存回填
重庆市,2019,3188.0,SRC_CASE03_NBS_POP_01,A,本地缓存-NBS人口指标（来自case02）,file:///D:/Desk/app/academic-data-hunter/cases/case02-nev-emission-controls/data/nbs_resident_population_10k_person.csv,,2026-03-27,指标代码=A030101; 单位=万人; 年份=2019,当前环境NBS在线接口不可达，使用本地缓存回填
重庆市,2020,3209.0,SRC_CASE03_NBS_POP_01,A,本地缓存-NBS人口指标（来自case02）,file:///D:/Desk/app/academic-data-hunter/cases/case02-nev-emission-controls/data/nbs_resident_population_10k_person.csv,,2026-03-27,指标代码=A030101; 单位=万人; 年份=2020,当前环境NBS在线接口不可达，使用本地缓存回填
重庆市,2021,3212.0,SRC_CASE03_NBS_POP_01,A,本地缓存-NBS人口指标（来自case02）,file:///D:/Desk/app/academic-data-hunter/cases/case02-nev-emission-controls/data/nbs_resident_population_10k_person.csv,,2026-03-27,指标代码=A030101; 单位=万人; 年份=2021,当前环境NBS在线接口不可达，使用本地缓存回填
重庆市,2022,3213.0,SRC_CASE03_NBS_POP_01,A,本地缓存-NBS人口指标（来自case02）,file:///D:/Desk/app/academic-data-hunter/cases/case02-nev-emission-controls/data/nbs_resident_population_10k_person.csv,,2026-03-27,指标代码=A030101; 单位=万人; 年份=2022,当前环境NBS在线接口不可达，使用本地缓存回填
重庆市,2023,3191.0,SRC_CASE03_NBS_POP_01,A,本地缓存-NBS人口指标（来自case02）,file:///D:/Desk/app/academic-data-hunter/cases/case02-nev-emission-controls/data/nbs_resident_population_10k_person.csv,,2026-03-27,指标代码=A030101; 单位=万人; 年份=2023,当前环境NBS在线接口不可达，使用本地缓存回填
重庆市,2024,3190.47,SRC_CASE03_POP2024_R3_CQ,A,重庆市统计局-2024年重庆市国民经济和社会发展统计公报,https://tjj.cq.gov.cn/zwgk_233/fdzdgknr/tjxx/sjzl_55471/tjgb_55472/202503/t20250326_14443791_wap.html,,2026-03-27,.65 亿元，增长 6.8% 。三次产业结构比为 6.6:36.3:57.1 。全年人均地区生产总值达到 100889 元，比上年增长 6.0% 。民营经济增加值 19822.61 亿元，增长 6.2% ，占全市经济总量的 61.6% 。 年末全市常住人口 3190.47 万人，其中，城镇常住人口 2301.49 万人。常住人口城镇化率为 72.14% ，比上年末提高 0.47 个百分点。 全年出生人口 19.10 万人，出生率为 5.99 ‰；死亡人口 28.30 万人，死亡率为 8.87 ‰；人口自然增长率为 -2.88 ‰。全市常住人口性别比（以女性为 100 ，男性对女性的比例）为 101.26 ，出生婴儿性别比为 108.81 。 表 1 2024 年年末常住人,Round3严格补采; 2024统计公报正文口径。
四川省,2015,8196.0,SRC_CASE03_NBS_POP_01,A,本地缓存-NBS人口指标（来自case02）,file:///D:/Desk/app/academic-data-hunter/cases/case02-nev-emission-controls/data/nbs_resident_population_10k_person.csv,,2026-03-27,指标代码=A030101; 单位=万人; 年份=2015,当前环境NBS在线接口不可达，使用本地缓存回填
四川省,2016,8251.0,SRC_CASE03_NBS_POP_01,A,本地缓存-NBS人口指标（来自case02）,file:///D:/Desk/app/academic-data-hunter/cases/case02-nev-emission-controls/data/nbs_resident_population_10k_person.csv,,2026-03-27,指标代码=A030101; 单位=万人; 年份=2016,当前环境NBS在线接口不可达，使用本地缓存回填
四川省,2017,8289.0,SRC_CASE03_NBS_POP_01,A,本地缓存-NBS人口指标（来自case02）,file:///D:/Desk/app/academic-data-hunter/cases/case02-nev-emission-controls/data/nbs_resident_population_10k_person.csv,,2026-03-27,指标代码=A030101; 单位=万人; 年份=2017,当前环境NBS在线接口不可达，使用本地缓存回填
四川省,2018,8321.0,SRC_CASE03_NBS_POP_01,A,本地缓存-NBS人口指标（来自case02）,file:///D:/Desk/app/academic-data-hunter/cases/case02-nev-emission-controls/data/nbs_resident_population_10k_person.csv,,2026-03-27,指标代码=A030101; 单位=万人; 年份=2018,当前环境NBS在线接口不可达，使用本地缓存回填
四川省,2019,8351.0,SRC_CASE03_NBS_POP_01,A,本地缓存-NBS人口指标（来自case02）,file:///D:/Desk/app/academic-data-hunter/cases/case02-nev-emission-controls/data/nbs_resident_population_10k_person.csv,,2026-03-27,指标代码=A030101; 单位=万人; 年份=2019,当前环境NBS在线接口不可达，使用本地缓存回填
四川省,2020,8371.0,SRC_CASE03_NBS_POP_01,A,本地缓存-NBS人口指标（来自case02）,file:///D:/Desk/app/academic-data-hunter/cases/case02-nev-emission-controls/data/nbs_resident_population_10k_person.csv,,2026-03-27,指标代码=A030101; 单位=万人; 年份=2020,当前环境NBS在线接口不可达，使用本地缓存回填
四川省,2021,8372.0,SRC_CASE03_NBS_POP_01,A,本地缓存-NBS人口指标（来自case02）,file:///D:/Desk/app/academic-data-hunter/cases/case02-nev-emission-controls/data/nbs_resident_population_10k_person.csv,,2026-03-27,指标代码=A030101; 单位=万人; 年份=2021,当前环境NBS在线接口不可达，使用本地缓存回填
四川省,2022,8374.0,SRC_CASE03_NBS_POP_01,A,本地缓存-NBS人口指标（来自case02）,file:///D:/Desk/app/academic-data-hunter/cases/case02-nev-emission-controls/data/nbs_resident_population_10k_person.csv,,2026-03-27,指标代码=A030101; 单位=万人; 年份=2022,当前环境NBS在线接口不可达，使用本地缓存回填
四川省,2023,8368.0,SRC_CASE03_NBS_POP_01,A,本地缓存-NBS人口指标（来自case02）,file:///D:/Desk/app/academic-data-hunter/cases/case02-nev-emission-controls/data/nbs_resident_population_10k_person.csv,,2026-03-27,指标代码=A030101; 单位=万人; 年份=2023,当前环境NBS在线接口不可达，使用本地缓存回填
四川省,2024,8364,SRC_CASE03_POP2024_SHORT_09,B,www.scls.gov.cn（2024人口发布）,https://www.scls.gov.cn/lsxrmzf/c116485/pc/content/content_1903247949427687424.html,,2026-03-27,根据公报，四川2024年末全省常住人口8364万人，比上年末减少4万人；,短名单自动回填（待人工二审）
贵州省,2015,3708.0,SRC_CASE03_NBS_POP_01,A,本地缓存-NBS人口指标（来自case02）,file:///D:/Desk/app/academic-data-hunter/cases/case02-nev-emission-controls/data/nbs_resident_population_10k_person.csv,,2026-03-27,指标代码=A030101; 单位=万人; 年份=2015,当前环境NBS在线接口不可达，使用本地缓存回填
贵州省,2016,3758.0,SRC_CASE03_NBS_POP_01,A,本地缓存-NBS人口指标（来自case02）,file:///D:/Desk/app/academic-data-hunter/cases/case02-nev-emission-controls/data/nbs_resident_population_10k_person.csv,,2026-03-27,指标代码=A030101; 单位=万人; 年份=2016,当前环境NBS在线接口不可达，使用本地缓存回填
贵州省,2017,3803.0,SRC_CASE03_NBS_POP_01,A,本地缓存-NBS人口指标（来自case02）,file:///D:/Desk/app/academic-data-hunter/cases/case02-nev-emission-controls/data/nbs_resident_population_10k_person.csv,,2026-03-27,指标代码=A030101; 单位=万人; 年份=2017,当前环境NBS在线接口不可达，使用本地缓存回填
贵州省,2018,3822.0,SRC_CASE03_NBS_POP_01,A,本地缓存-NBS人口指标（来自case02）,file:///D:/Desk/app/academic-data-hunter/cases/case02-nev-emission-controls/data/nbs_resident_population_10k_person.csv,,2026-03-27,指标代码=A030101; 单位=万人; 年份=2018,当前环境NBS在线接口不可达，使用本地缓存回填
贵州省,2019,3848.0,SRC_CASE03_NBS_POP_01,A,本地缓存-NBS人口指标（来自case02）,file:///D:/Desk/app/academic-data-hunter/cases/case02-nev-emission-controls/data/nbs_resident_population_10k_person.csv,,2026-03-27,指标代码=A030101; 单位=万人; 年份=2019,当前环境NBS在线接口不可达，使用本地缓存回填
贵州省,2020,3858.0,SRC_CASE03_NBS_POP_01,A,本地缓存-NBS人口指标（来自case02）,file:///D:/Desk/app/academic-data-hunter/cases/case02-nev-emission-controls/data/nbs_resident_population_10k_person.csv,,2026-03-27,指标代码=A030101; 单位=万人; 年份=2020,当前环境NBS在线接口不可达，使用本地缓存回填
贵州省,2021,3852.0,SRC_CASE03_NBS_POP_01,A,本地缓存-NBS人口指标（来自case02）,file:///D:/Desk/app/academic-data-hunter/cases/case02-nev-emission-controls/data/nbs_resident_population_10k_person.csv,,2026-03-27,指标代码=A030101; 单位=万人; 年份=2021,当前环境NBS在线接口不可达，使用本地缓存回填
贵州省,2022,3856.0,SRC_CASE03_NBS_POP_01,A,本地缓存-NBS人口指标（来自case02）,file:///D:/Desk/app/academic-data-hunter/cases/case02-nev-emission-controls/data/nbs_resident_population_10k_person.csv,,2026-03-27,指标代码=A030101; 单位=万人; 年份=2022,当前环境NBS在线接口不可达，使用本地缓存回填
贵州省,2023,3865.0,SRC_CASE03_NBS_POP_01,A,本地缓存-NBS人口指标（来自case02）,file:///D:/Desk/app/academic-data-hunter/cases/case02-nev-emission-controls/data/nbs_resident_population_10k_person.csv,,2026-03-27,指标代码=A030101; 单位=万人; 年份=2023,当前环境NBS在线接口不可达，使用本地缓存回填
贵州省,2024,3860,SRC_CASE03_POP2024_SHORT_10,B,nynct.guizhou.gov.cn（2024人口发布）,http://nynct.guizhou.gov.cn/zwgk/xxgkml/ghjh/202505/t20250529_87943874.html,,2026-03-27,2024年，贵州省常住人口3860万人，其中乡村常住人口1673万人，占43.3％。,短名单自动回填（待人工二审）
云南省,2015,4663.0,SRC_CASE03_NBS_POP_01,A,本地缓存-NBS人口指标（来自case02）,file:///D:/Desk/app/academic-data-hunter/cases/case02-nev-emission-controls/data/nbs_resident_population_10k_person.csv,,2026-03-27,指标代码=A030101; 单位=万人; 年份=2015,当前环境NBS在线接口不可达，使用本地缓存回填
云南省,2016,4677.0,SRC_CASE03_NBS_POP_01,A,本地缓存-NBS人口指标（来自case02）,file:///D:/Desk/app/academic-data-hunter/cases/case02-nev-emission-controls/data/nbs_resident_population_10k_person.csv,,2026-03-27,指标代码=A030101; 单位=万人; 年份=2016,当前环境NBS在线接口不可达，使用本地缓存回填
云南省,2017,4693.0,SRC_CASE03_NBS_POP_01,A,本地缓存-NBS人口指标（来自case02）,file:///D:/Desk/app/academic-data-hunter/cases/case02-nev-emission-controls/data/nbs_resident_population_10k_person.csv,,2026-03-27,指标代码=A030101; 单位=万人; 年份=2017,当前环境NBS在线接口不可达，使用本地缓存回填
云南省,2018,4703.0,SRC_CASE03_NBS_POP_01,A,本地缓存-NBS人口指标（来自case02）,file:///D:/Desk/app/academic-data-hunter/cases/case02-nev-emission-controls/data/nbs_resident_population_10k_person.csv,,2026-03-27,指标代码=A030101; 单位=万人; 年份=2018,当前环境NBS在线接口不可达，使用本地缓存回填
云南省,2019,4714.0,SRC_CASE03_NBS_POP_01,A,本地缓存-NBS人口指标（来自case02）,file:///D:/Desk/app/academic-data-hunter/cases/case02-nev-emission-controls/data/nbs_resident_population_10k_person.csv,,2026-03-27,指标代码=A030101; 单位=万人; 年份=2019,当前环境NBS在线接口不可达，使用本地缓存回填
云南省,2020,4722.0,SRC_CASE03_NBS_POP_01,A,本地缓存-NBS人口指标（来自case02）,file:///D:/Desk/app/academic-data-hunter/cases/case02-nev-emission-controls/data/nbs_resident_population_10k_person.csv,,2026-03-27,指标代码=A030101; 单位=万人; 年份=2020,当前环境NBS在线接口不可达，使用本地缓存回填
云南省,2021,4690.0,SRC_CASE03_NBS_POP_01,A,本地缓存-NBS人口指标（来自case02）,file:///D:/Desk/app/academic-data-hunter/cases/case02-nev-emission-controls/data/nbs_resident_population_10k_person.csv,,2026-03-27,指标代码=A030101; 单位=万人; 年份=2021,当前环境NBS在线接口不可达，使用本地缓存回填
云南省,2022,4693.0,SRC_CASE03_NBS_POP_01,A,本地缓存-NBS人口指标（来自case02）,file:///D:/Desk/app/academic-data-hunter/cases/case02-nev-emission-controls/data/nbs_resident_population_10k_person.csv,,2026-03-27,指标代码=A030101; 单位=万人; 年份=2022,当前环境NBS在线接口不可达，使用本地缓存回填
云南省,2023,4673.0,SRC_CASE03_NBS_POP_01,A,本地缓存-NBS人口指标（来自case02）,file:///D:/Desk/app/academic-data-hunter/cases/case02-nev-emission-controls/data/nbs_resident_population_10k_person.csv,,2026-03-27,指标代码=A030101; 单位=万人; 年份=2023,当前环境NBS在线接口不可达，使用本地缓存回填
云南省,2024,4655,SRC_CASE03_POP2024_R3_YN,B,云南人大网-转载《云南省2024年国民经济和社会发展统计公报》,https://www.ynrd.gov.cn/html/2025/yaowenzixun_0408/4032748.html,,2026-03-27,3.9%。三次产业对经济增长的贡献率分别为10.6%、25.8%、63.6%。三次产业结构为13.3∶32.8∶53.9。全省人均地区生产总值67612元，增长3.8%。全年全员劳动生产率 [3] 11.09万元/人，比上年提高3.1%。 年末全省常住人口4655万人，其中城镇人口2519万人，乡村人口2136万人。全年出生人口40.2万人，出生率为8.62‰；死亡人口39.4万人，死亡率为8.45‰；自然增长率为0.17‰。年末全省城镇化率54.11%，比上年末提高1.19个百分点。 全年城镇新增就业人数51.03万人，城镇调查失业率均值为5.0%。全年全省农民工 [5] 总量993.6万人。其中，本地农民工374.2万人，比上年增加2.7万人，增长0.7%；外出农民工,Round3严格补采; 省级人大站转载统计公报文本（非统计局原站）。
陕西省,2015,3846.0,SRC_CASE03_NBS_POP_01,A,本地缓存-NBS人口指标（来自case02）,file:///D:/Desk/app/academic-data-hunter/cases/case02-nev-emission-controls/data/nbs_resident_population_10k_person.csv,,2026-03-27,指标代码=A030101; 单位=万人; 年份=2015,当前环境NBS在线接口不可达，使用本地缓存回填
陕西省,2016,3874.0,SRC_CASE03_NBS_POP_01,A,本地缓存-NBS人口指标（来自case02）,file:///D:/Desk/app/academic-data-hunter/cases/case02-nev-emission-controls/data/nbs_resident_population_10k_person.csv,,2026-03-27,指标代码=A030101; 单位=万人; 年份=2016,当前环境NBS在线接口不可达，使用本地缓存回填
陕西省,2017,3904.0,SRC_CASE03_NBS_POP_01,A,本地缓存-NBS人口指标（来自case02）,file:///D:/Desk/app/academic-data-hunter/cases/case02-nev-emission-controls/data/nbs_resident_population_10k_person.csv,,2026-03-27,指标代码=A030101; 单位=万人; 年份=2017,当前环境NBS在线接口不可达，使用本地缓存回填
陕西省,2018,3931.0,SRC_CASE03_NBS_POP_01,A,本地缓存-NBS人口指标（来自case02）,file:///D:/Desk/app/academic-data-hunter/cases/case02-nev-emission-controls/data/nbs_resident_population_10k_person.csv,,2026-03-27,指标代码=A030101; 单位=万人; 年份=2018,当前环境NBS在线接口不可达，使用本地缓存回填
陕西省,2019,3944.0,SRC_CASE03_NBS_POP_01,A,本地缓存-NBS人口指标（来自case02）,file:///D:/Desk/app/academic-data-hunter/cases/case02-nev-emission-controls/data/nbs_resident_population_10k_person.csv,,2026-03-27,指标代码=A030101; 单位=万人; 年份=2019,当前环境NBS在线接口不可达，使用本地缓存回填
陕西省,2020,3955.0,SRC_CASE03_NBS_POP_01,A,本地缓存-NBS人口指标（来自case02）,file:///D:/Desk/app/academic-data-hunter/cases/case02-nev-emission-controls/data/nbs_resident_population_10k_person.csv,,2026-03-27,指标代码=A030101; 单位=万人; 年份=2020,当前环境NBS在线接口不可达，使用本地缓存回填
陕西省,2021,3954.0,SRC_CASE03_NBS_POP_01,A,本地缓存-NBS人口指标（来自case02）,file:///D:/Desk/app/academic-data-hunter/cases/case02-nev-emission-controls/data/nbs_resident_population_10k_person.csv,,2026-03-27,指标代码=A030101; 单位=万人; 年份=2021,当前环境NBS在线接口不可达，使用本地缓存回填
陕西省,2022,3956.0,SRC_CASE03_NBS_POP_01,A,本地缓存-NBS人口指标（来自case02）,file:///D:/Desk/app/academic-data-hunter/cases/case02-nev-emission-controls/data/nbs_resident_population_10k_person.csv,,2026-03-27,指标代码=A030101; 单位=万人; 年份=2022,当前环境NBS在线接口不可达，使用本地缓存回填
陕西省,2023,3952.0,SRC_CASE03_NBS_POP_01,A,本地缓存-NBS人口指标（来自case02）,file:///D:/Desk/app/academic-data-hunter/cases/case02-nev-emission-controls/data/nbs_resident_population_10k_person.csv,,2026-03-27,指标代码=A030101; 单位=万人; 年份=2023,当前环境NBS在线接口不可达，使用本地缓存回填
陕西省,2024,3953,SRC_CASE03_POP2024_SHORT_11,B,www.shaanxi.gov.cn（2024人口发布）,http://www.shaanxi.gov.cn/sq/sxgk/rkhmz/202011/t20201120_2046834_wap.html,,2026-03-27,人口和民族_陕西省人民政府 无障碍阅读 长者模式 首页 省政府 省长 新闻 政策 互动 服务 数据 省情 首页 > 省情 > 陕西概况 > 人口和民族 人口和民族 来源: 陕西省地方志 发布时间: 2026-01-05 17:34 2024年末全省常住人口 3953万人，比上年末增加1万人。,短名单自动回填（待人工二审）
甘肃省,2015,2523.0,SRC_CASE03_NBS_POP_01,A,本地缓存-NBS人口指标（来自case02）,file:///D:/Desk/app/academic-data-hunter/cases/case02-nev-emission-controls/data/nbs_resident_population_10k_person.csv,,2026-03-27,指标代码=A030101; 单位=万人; 年份=2015,当前环境NBS在线接口不可达，使用本地缓存回填
甘肃省,2016,2520.0,SRC_CASE03_NBS_POP_01,A,本地缓存-NBS人口指标（来自case02）,file:///D:/Desk/app/academic-data-hunter/cases/case02-nev-emission-controls/data/nbs_resident_population_10k_person.csv,,2026-03-27,指标代码=A030101; 单位=万人; 年份=2016,当前环境NBS在线接口不可达，使用本地缓存回填
甘肃省,2017,2522.0,SRC_CASE03_NBS_POP_01,A,本地缓存-NBS人口指标（来自case02）,file:///D:/Desk/app/academic-data-hunter/cases/case02-nev-emission-controls/data/nbs_resident_population_10k_person.csv,,2026-03-27,指标代码=A030101; 单位=万人; 年份=2017,当前环境NBS在线接口不可达，使用本地缓存回填
甘肃省,2018,2515.0,SRC_CASE03_NBS_POP_01,A,本地缓存-NBS人口指标（来自case02）,file:///D:/Desk/app/academic-data-hunter/cases/case02-nev-emission-controls/data/nbs_resident_population_10k_person.csv,,2026-03-27,指标代码=A030101; 单位=万人; 年份=2018,当前环境NBS在线接口不可达，使用本地缓存回填
甘肃省,2019,2509.0,SRC_CASE03_NBS_POP_01,A,本地缓存-NBS人口指标（来自case02）,file:///D:/Desk/app/academic-data-hunter/cases/case02-nev-emission-controls/data/nbs_resident_population_10k_person.csv,,2026-03-27,指标代码=A030101; 单位=万人; 年份=2019,当前环境NBS在线接口不可达，使用本地缓存回填
甘肃省,2020,2501.0,SRC_CASE03_NBS_POP_01,A,本地缓存-NBS人口指标（来自case02）,file:///D:/Desk/app/academic-data-hunter/cases/case02-nev-emission-controls/data/nbs_resident_population_10k_person.csv,,2026-03-27,指标代码=A030101; 单位=万人; 年份=2020,当前环境NBS在线接口不可达，使用本地缓存回填
甘肃省,2021,2490.0,SRC_CASE03_NBS_POP_01,A,本地缓存-NBS人口指标（来自case02）,file:///D:/Desk/app/academic-data-hunter/cases/case02-nev-emission-controls/data/nbs_resident_population_10k_person.csv,,2026-03-27,指标代码=A030101; 单位=万人; 年份=2021,当前环境NBS在线接口不可达，使用本地缓存回填
甘肃省,2022,2492.0,SRC_CASE03_NBS_POP_01,A,本地缓存-NBS人口指标（来自case02）,file:///D:/Desk/app/academic-data-hunter/cases/case02-nev-emission-controls/data/nbs_resident_population_10k_person.csv,,2026-03-27,指标代码=A030101; 单位=万人; 年份=2022,当前环境NBS在线接口不可达，使用本地缓存回填
甘肃省,2023,2465.0,SRC_CASE03_NBS_POP_01,A,本地缓存-NBS人口指标（来自case02）,file:///D:/Desk/app/academic-data-hunter/cases/case02-nev-emission-controls/data/nbs_resident_population_10k_person.csv,,2026-03-27,指标代码=A030101; 单位=万人; 年份=2023,当前环境NBS在线接口不可达，使用本地缓存回填
甘肃省,2024,2458.34,SRC_CASE03_POP2024_R3_GS,A,甘肃省人民政府-2024年甘肃省国民经济和社会发展统计公报,https://www.gansu.gov.cn/gsszf/gsyw/202503/174095898.shtml,,2026-03-27,长7.6%；第三产业增加值6944.8亿元，增长4.6%。第一产业增加值占地区生产总值比重为12.5%，第二产业增加值比重为34.1%，第三产业增加值比重为53.4%。按常住人口计算，全年人均地区生产总值52825元，比上年增长6.5%。 年末全省常住人口2458.34万人，比上年末减少7.14万人。其中，城镇人口1397.03万人，占常住人口比重（常住人口城镇化率）为56.83%，比上年末提高1.34个百分点。全年出生人口19.69万人，出生率为8.00‰；死亡人口21.92万人，死亡率为8.90‰；人口自然增长率为-0.90‰。 全年全省城镇新增就业31.4万人，其中失业人员再就业12.3万人。全年输转城乡富余劳动力519.2万人，其中，省外输转227万人，省内输转2,Round3严格补采; 目标页对 requests 返回 412，采用浏览器渲染提取正文。
青海省,2015,577.0,SRC_CASE03_NBS_POP_01,A,本地缓存-NBS人口指标（来自case02）,file:///D:/Desk/app/academic-data-hunter/cases/case02-nev-emission-controls/data/nbs_resident_population_10k_person.csv,,2026-03-27,指标代码=A030101; 单位=万人; 年份=2015,当前环境NBS在线接口不可达，使用本地缓存回填
青海省,2016,582.0,SRC_CASE03_NBS_POP_01,A,本地缓存-NBS人口指标（来自case02）,file:///D:/Desk/app/academic-data-hunter/cases/case02-nev-emission-controls/data/nbs_resident_population_10k_person.csv,,2026-03-27,指标代码=A030101; 单位=万人; 年份=2016,当前环境NBS在线接口不可达，使用本地缓存回填
青海省,2017,586.0,SRC_CASE03_NBS_POP_01,A,本地缓存-NBS人口指标（来自case02）,file:///D:/Desk/app/academic-data-hunter/cases/case02-nev-emission-controls/data/nbs_resident_population_10k_person.csv,,2026-03-27,指标代码=A030101; 单位=万人; 年份=2017,当前环境NBS在线接口不可达，使用本地缓存回填
青海省,2018,587.0,SRC_CASE03_NBS_POP_01,A,本地缓存-NBS人口指标（来自case02）,file:///D:/Desk/app/academic-data-hunter/cases/case02-nev-emission-controls/data/nbs_resident_population_10k_person.csv,,2026-03-27,指标代码=A030101; 单位=万人; 年份=2018,当前环境NBS在线接口不可达，使用本地缓存回填
青海省,2019,590.0,SRC_CASE03_NBS_POP_01,A,本地缓存-NBS人口指标（来自case02）,file:///D:/Desk/app/academic-data-hunter/cases/case02-nev-emission-controls/data/nbs_resident_population_10k_person.csv,,2026-03-27,指标代码=A030101; 单位=万人; 年份=2019,当前环境NBS在线接口不可达，使用本地缓存回填
青海省,2020,593.0,SRC_CASE03_NBS_POP_01,A,本地缓存-NBS人口指标（来自case02）,file:///D:/Desk/app/academic-data-hunter/cases/case02-nev-emission-controls/data/nbs_resident_population_10k_person.csv,,2026-03-27,指标代码=A030101; 单位=万人; 年份=2020,当前环境NBS在线接口不可达，使用本地缓存回填
青海省,2021,594.0,SRC_CASE03_NBS_POP_01,A,本地缓存-NBS人口指标（来自case02）,file:///D:/Desk/app/academic-data-hunter/cases/case02-nev-emission-controls/data/nbs_resident_population_10k_person.csv,,2026-03-27,指标代码=A030101; 单位=万人; 年份=2021,当前环境NBS在线接口不可达，使用本地缓存回填
青海省,2022,595.0,SRC_CASE03_NBS_POP_01,A,本地缓存-NBS人口指标（来自case02）,file:///D:/Desk/app/academic-data-hunter/cases/case02-nev-emission-controls/data/nbs_resident_population_10k_person.csv,,2026-03-27,指标代码=A030101; 单位=万人; 年份=2022,当前环境NBS在线接口不可达，使用本地缓存回填
青海省,2023,594.0,SRC_CASE03_NBS_POP_01,A,本地缓存-NBS人口指标（来自case02）,file:///D:/Desk/app/academic-data-hunter/cases/case02-nev-emission-controls/data/nbs_resident_population_10k_person.csv,,2026-03-27,指标代码=A030101; 单位=万人; 年份=2023,当前环境NBS在线接口不可达，使用本地缓存回填
青海省,2024,593,SRC_CASE03_POP2024_SHORT_12,B,www.qinghai.gov.cn（2024人口发布）,http://www.qinghai.gov.cn/zwgk/system/2025/01/22/030063696.shtml,,2026-03-27,【省统计局】2024年末我省常住人口为593万人-政务公开-青海省人民政府网 中央人民政府网站 | 省委 | 省人大 | 省政府 | 省政协 藏文版 | 设为首页 | 加入收藏 | 无障碍阅读 | 进入关怀版 首页 欢迎您访问青海省人民政府网站，您在访问过程中对网站有任何意见或者建议请联系我们。,短名单自动回填（待人工二审）
宁夏回族自治区,2015,684.0,SRC_CASE03_NBS_POP_01,A,本地缓存-NBS人口指标（来自case02）,file:///D:/Desk/app/academic-data-hunter/cases/case02-nev-emission-controls/data/nbs_resident_population_10k_person.csv,,2026-03-27,指标代码=A030101; 单位=万人; 年份=2015,当前环境NBS在线接口不可达，使用本地缓存回填
宁夏回族自治区,2016,695.0,SRC_CASE03_NBS_POP_01,A,本地缓存-NBS人口指标（来自case02）,file:///D:/Desk/app/academic-data-hunter/cases/case02-nev-emission-controls/data/nbs_resident_population_10k_person.csv,,2026-03-27,指标代码=A030101; 单位=万人; 年份=2016,当前环境NBS在线接口不可达，使用本地缓存回填
宁夏回族自治区,2017,705.0,SRC_CASE03_NBS_POP_01,A,本地缓存-NBS人口指标（来自case02）,file:///D:/Desk/app/academic-data-hunter/cases/case02-nev-emission-controls/data/nbs_resident_population_10k_person.csv,,2026-03-27,指标代码=A030101; 单位=万人; 年份=2017,当前环境NBS在线接口不可达，使用本地缓存回填
宁夏回族自治区,2018,710.0,SRC_CASE03_NBS_POP_01,A,本地缓存-NBS人口指标（来自case02）,file:///D:/Desk/app/academic-data-hunter/cases/case02-nev-emission-controls/data/nbs_resident_population_10k_person.csv,,2026-03-27,指标代码=A030101; 单位=万人; 年份=2018,当前环境NBS在线接口不可达，使用本地缓存回填
宁夏回族自治区,2019,717.0,SRC_CASE03_NBS_POP_01,A,本地缓存-NBS人口指标（来自case02）,file:///D:/Desk/app/academic-data-hunter/cases/case02-nev-emission-controls/data/nbs_resident_population_10k_person.csv,,2026-03-27,指标代码=A030101; 单位=万人; 年份=2019,当前环境NBS在线接口不可达，使用本地缓存回填
宁夏回族自治区,2020,721.0,SRC_CASE03_NBS_POP_01,A,本地缓存-NBS人口指标（来自case02）,file:///D:/Desk/app/academic-data-hunter/cases/case02-nev-emission-controls/data/nbs_resident_population_10k_person.csv,,2026-03-27,指标代码=A030101; 单位=万人; 年份=2020,当前环境NBS在线接口不可达，使用本地缓存回填
宁夏回族自治区,2021,725.0,SRC_CASE03_NBS_POP_01,A,本地缓存-NBS人口指标（来自case02）,file:///D:/Desk/app/academic-data-hunter/cases/case02-nev-emission-controls/data/nbs_resident_population_10k_person.csv,,2026-03-27,指标代码=A030101; 单位=万人; 年份=2021,当前环境NBS在线接口不可达，使用本地缓存回填
宁夏回族自治区,2022,728.0,SRC_CASE03_NBS_POP_01,A,本地缓存-NBS人口指标（来自case02）,file:///D:/Desk/app/academic-data-hunter/cases/case02-nev-emission-controls/data/nbs_resident_population_10k_person.csv,,2026-03-27,指标代码=A030101; 单位=万人; 年份=2022,当前环境NBS在线接口不可达，使用本地缓存回填
宁夏回族自治区,2023,729.0,SRC_CASE03_NBS_POP_01,A,本地缓存-NBS人口指标（来自case02）,file:///D:/Desk/app/academic-data-hunter/cases/case02-nev-emission-controls/data/nbs_resident_population_10k_person.csv,,2026-03-27,指标代码=A030101; 单位=万人; 年份=2023,当前环境NBS在线接口不可达，使用本地缓存回填
宁夏回族自治区,2024,729,SRC_CASE03_POP2024_R3_NX,B,宁夏日报电子版-转载《宁夏回族自治区2024年国民经济和社会发展统计公报》,https://szb.nxrb.cn/nxrb/pad/con/202504/25/content_157253.html,,2026-03-27,，增长7.0%；第三产业增加值2716.16亿元，增长3.9%。第一产业增加值占地区生产总值比重为8.2%，第二产业增加值比重为42.4%，第三产业增加值比重为49.4%。按常住人口计算，人均地区生产总值75484元，比上年增长5.3%。 年末全区常住人口729万人，与上年持平，其中，城镇常住人口497万人，占常住人口比重（常住人口城镇化率）为68.22%。全年出生人口8万人，出生率为10.97‰；死亡人口4.7万人，死亡率为6.45‰；自然增长率为4.52‰。 表1 2024年年末全区人口数及其结构 全年全区城镇新增就业8.42万人；农村劳动力转移就业84.02万人。全区农民工[4]总量109.2万人，比上年增长2.3%。其中，外出农民工85.3万人，增长2.6%；本地,Round3严格补采; 宁夏日报电子版转载统计公报全文。
新疆维吾尔自治区,2015,2385.0,SRC_CASE03_NBS_POP_01,A,本地缓存-NBS人口指标（来自case02）,file:///D:/Desk/app/academic-data-hunter/cases/case02-nev-emission-controls/data/nbs_resident_population_10k_person.csv,,2026-03-27,指标代码=A030101; 单位=万人; 年份=2015,当前环境NBS在线接口不可达，使用本地缓存回填
新疆维吾尔自治区,2016,2428.0,SRC_CASE03_NBS_POP_01,A,本地缓存-NBS人口指标（来自case02）,file:///D:/Desk/app/academic-data-hunter/cases/case02-nev-emission-controls/data/nbs_resident_population_10k_person.csv,,2026-03-27,指标代码=A030101; 单位=万人; 年份=2016,当前环境NBS在线接口不可达，使用本地缓存回填
新疆维吾尔自治区,2017,2480.0,SRC_CASE03_NBS_POP_01,A,本地缓存-NBS人口指标（来自case02）,file:///D:/Desk/app/academic-data-hunter/cases/case02-nev-emission-controls/data/nbs_resident_population_10k_person.csv,,2026-03-27,指标代码=A030101; 单位=万人; 年份=2017,当前环境NBS在线接口不可达，使用本地缓存回填
新疆维吾尔自治区,2018,2520.0,SRC_CASE03_NBS_POP_01,A,本地缓存-NBS人口指标（来自case02）,file:///D:/Desk/app/academic-data-hunter/cases/case02-nev-emission-controls/data/nbs_resident_population_10k_person.csv,,2026-03-27,指标代码=A030101; 单位=万人; 年份=2018,当前环境NBS在线接口不可达，使用本地缓存回填
新疆维吾尔自治区,2019,2559.0,SRC_CASE03_NBS_POP_01,A,本地缓存-NBS人口指标（来自case02）,file:///D:/Desk/app/academic-data-hunter/cases/case02-nev-emission-controls/data/nbs_resident_population_10k_person.csv,,2026-03-27,指标代码=A030101; 单位=万人; 年份=2019,当前环境NBS在线接口不可达，使用本地缓存回填
新疆维吾尔自治区,2020,2590.0,SRC_CASE03_NBS_POP_01,A,本地缓存-NBS人口指标（来自case02）,file:///D:/Desk/app/academic-data-hunter/cases/case02-nev-emission-controls/data/nbs_resident_population_10k_person.csv,,2026-03-27,指标代码=A030101; 单位=万人; 年份=2020,当前环境NBS在线接口不可达，使用本地缓存回填
新疆维吾尔自治区,2021,2589.0,SRC_CASE03_NBS_POP_01,A,本地缓存-NBS人口指标（来自case02）,file:///D:/Desk/app/academic-data-hunter/cases/case02-nev-emission-controls/data/nbs_resident_population_10k_person.csv,,2026-03-27,指标代码=A030101; 单位=万人; 年份=2021,当前环境NBS在线接口不可达，使用本地缓存回填
新疆维吾尔自治区,2022,2587.0,SRC_CASE03_NBS_POP_01,A,本地缓存-NBS人口指标（来自case02）,file:///D:/Desk/app/academic-data-hunter/cases/case02-nev-emission-controls/data/nbs_resident_population_10k_person.csv,,2026-03-27,指标代码=A030101; 单位=万人; 年份=2022,当前环境NBS在线接口不可达，使用本地缓存回填
新疆维吾尔自治区,2023,2598.0,SRC_CASE03_NBS_POP_01,A,本地缓存-NBS人口指标（来自case02）,file:///D:/Desk/app/academic-data-hunter/cases/case02-nev-emission-controls/data/nbs_resident_population_10k_person.csv,,2026-03-27,指标代码=A030101; 单位=万人; 年份=2023,当前环境NBS在线接口不可达，使用本地缓存回填
新疆维吾尔自治区,2024,2622.8,SRC_CASE03_POP2024_R3_XJ,A,新疆维吾尔自治区人民政府-2024年国民经济和社会发展统计公报,https://www.xinjiang.gov.cn/xinjiang/tjgb/202503/f0578f74e4e04369af0ee82566586397.shtml,,2026-03-27,值6128.33亿元，比上年增长6.0%；北疆地区实现地区生产总值12680.94亿元，增长5.7%；东疆地区实现地区生产总值1724.81亿元，增长9.9%。南疆、北疆、东疆地区生产总值占全疆比重分别为29.8%、61.8%、8.4%。 年末全疆常住人口2622.8万人，比上年末增加24.8万人。其中城镇常住人口1583.1万人。全疆常住人口城镇化率为60.36%，比上年末提高1.12个百分点。全年出生人口24.6万人，出生率为9.42‰；死亡人口15.8万人，死亡率为6.05‰；自然增长率为3.37‰。 全年全疆城镇新增就业48.32万人，比上年多增0.10万人。就业困难人员实现就业3.34万人。失业人员再就业26.68万人，农村劳动力外出务工333.52万人次。 全,Round3严格补采; 2024统计公报正文口径。
