province,year,transport_co2_mt,source_file,sheet,sector_label,transport_co2_10k_ton_direct
上海市,2012,40.17166093393535,2012年30个省份排放清单.xlsx,Shanghai2012,"Transportation, Storage, Post and Telecommunication Services",4017.166093393535
上海市,2013,40.128931154606555,2013年30个省份排放清单.xlsx,Shanghai2013,"Transportation, Storage, Post and Telecommunication Services",4012.8931154606553
上海市,2014,39.983618440173565,2014年30个省份排放清单.xlsx,Shanghai2014,"Transportation, Storage, Post and Telecommunication Services",3998.3618440173564
上海市,2015,41.930465585876085,2015年30个省份排放清单.xlsx,Shanghai2015,"Transportation, Storage, Post and Telecommunication Services",4193.046558587608
上海市,2016,46.638422043091836,2016年30个省份排放清单.xlsx,Shanghai2016,"Transportation, Storage, Post and Telecommunication Services",4663.842204309183
上海市,2017,51.01636685791441,2017年30个省份排放清单.xlsx,Shanghai2017,"Transportation, Storage, Post and Telecommunication Services",5101.636685791441
上海市,2018,49.91814999151117,2018年30个省份排放清单.xlsx,Shanghai2018,"Transportation, Storage, Post and Telecommunication Services",4991.814999151117
上海市,2019,51.85092439303329,2019年30个省份排放清单.xlsx,Shanghai2019,"Transportation, Storage, Post and Telecommunication Services",5185.092439303329
上海市,2020,43.185015803646685,2020年30个省份排放清单.xlsx,Shanghai2020,"Transportation, Storage, Post and Telecommunication Services",4318.501580364668
上海市,2021,45.28088630902766,2021年30个省份排放清单.xlsx,Shanghai2021,"Transportation, Storage, Post and Telecommunication Services",4528.0886309027655
上海市,2022,37.450508608716596,2022年30个省份排放清单.xlsx,Shanghai2022,"Transportation, Storage, Post and Telecommunication Services",3745.0508608716596
云南省,2012,19.70623060581294,2012年30个省份排放清单.xlsx,Yunnan2012,"Transportation, Storage, Post and Telecommunication Services",1970.623060581294
云南省,2013,18.67047143598508,2013年30个省份排放清单.xlsx,Yunnan2013,"Transportation, Storage, Post and Telecommunication Services",1867.0471435985078
云南省,2014,21.117958647238897,2014年30个省份排放清单.xlsx,Yunnan2014,"Transportation, Storage, Post and Telecommunication Services",2111.7958647238897
云南省,2015,20.439064296499183,2015年30个省份排放清单.xlsx,Yunnan2015,"Transportation, Storage, Post and Telecommunication Services",2043.9064296499182
云南省,2016,21.38980052259557,2016年30个省份排放清单.xlsx,Yunnan2016,"Transportation, Storage, Post and Telecommunication Services",2138.980052259557
云南省,2017,21.849516580288398,2017年30个省份排放清单.xlsx,Yunnan2017,"Transportation, Storage, Post and Telecommunication Services",2184.95165802884
云南省,2018,24.54902330195129,2018年30个省份排放清单.xlsx,Yunnan2018,"Transportation, Storage, Post and Telecommunication Services",2454.9023301951293
云南省,2019,26.727684291412952,2019年30个省份排放清单.xlsx,Yunnan2019,"Transportation, Storage, Post and Telecommunication Services",2672.768429141295
云南省,2020,25.561676809410294,2020年30个省份排放清单.xlsx,Yunnan2020,"Transportation, Storage, Post and Telecommunication Services",2556.167680941029
云南省,2021,26.360516666101326,2021年30个省份排放清单.xlsx,Yunnan2021,"Transportation, Storage, Post and Telecommunication Services",2636.0516666101325
云南省,2022,24.566410837355583,2022年30个省份排放清单.xlsx,Yunnan2022,"Transportation, Storage, Post and Telecommunication Services",2456.6410837355584
内蒙古自治区,2012,31.085839959929277,2012年30个省份排放清单.xlsx,InnerMongolia2012,"Transportation, Storage, Post and Telecommunication Services",3108.5839959929276
内蒙古自治区,2013,22.605759819986435,2013年30个省份排放清单.xlsx,InnerMongolia2013,"Transportation, Storage, Post and Telecommunication Services",2260.5759819986433
内蒙古自治区,2014,22.48999936215174,2014年30个省份排放清单.xlsx,InnerMongolia2014,"Transportation, Storage, Post and Telecommunication Services",2248.999936215174
内蒙古自治区,2015,22.696751526267548,2015年30个省份排放清单.xlsx,InnerMongolia2015,"Transportation, Storage, Post and Telecommunication Services",2269.675152626755
内蒙古自治区,2016,15.9534800883341,2016年30个省份排放清单.xlsx,InnerMongolia2016,"Transportation, Storage, Post and Telecommunication Services",1595.34800883341
内蒙古自治区,2017,16.541856866523077,2017年30个省份排放清单.xlsx,InnerMongolia2017,"Transportation, Storage, Post and Telecommunication Services",1654.1856866523076
内蒙古自治区,2018,15.851462835095539,2018年30个省份排放清单.xlsx,InnerMongolia2018,"Transportation, Storage, Post and Telecommunication Services",1585.146283509554
内蒙古自治区,2019,16.278623117569367,2019年30个省份排放清单.xlsx,InnerMongolia2019,"Transportation, Storage, Post and Telecommunication Services",1627.8623117569368
内蒙古自治区,2020,15.211498445780775,2020年30个省份排放清单.xlsx,InnerMongolia2020,"Transportation, Storage, Post and Telecommunication Services",1521.1498445780774
内蒙古自治区,2021,16.738173677221802,2021年30个省份排放清单.xlsx,InnerMongolia2021,"Transportation, Storage, Post and Telecommunication Services",1673.8173677221803
内蒙古自治区,2022,16.266542308082926,2022年30个省份排放清单.xlsx,InnerMongolia2022,"Transportation, Storage, Post and Telecommunication Services",1626.6542308082926
北京市,2012,19.404642707622216,2012年30个省份排放清单.xlsx,Beijing2012,"Transportation, Storage, Post and Telecommunication Services",1940.4642707622215
北京市,2013,20.43863363699718,2013年30个省份排放清单.xlsx,Beijing2013,"Transportation, Storage, Post and Telecommunication Services",2043.863363699718
北京市,2014,21.655011936039184,2014年30个省份排放清单.xlsx,Beijing2014,"Transportation, Storage, Post and Telecommunication Services",2165.501193603918
北京市,2015,22.167220464327578,2015年30个省份排放清单.xlsx,Beijing2015,"Transportation, Storage, Post and Telecommunication Services",2216.722046432758
北京市,2016,23.240390692753948,2016年30个省份排放清单.xlsx,Beijing2016,"Transportation, Storage, Post and Telecommunication Services",2324.039069275395
北京市,2017,24.598011450904615,2017年30个省份排放清单.xlsx,Beijing2017,"Transportation, Storage, Post and Telecommunication Services",2459.8011450904614
北京市,2018,26.47788507608394,2018年30个省份排放清单.xlsx,Beijing2018,"Transportation, Storage, Post and Telecommunication Services",2647.788507608394
北京市,2019,27.002422775226528,2019年30个省份排放清单.xlsx,Beijing2019,"Transportation, Storage, Post and Telecommunication Services",2700.242277522653
北京市,2020,17.53932616217491,2020年30个省份排放清单.xlsx,Beijing2020,"Transportation, Storage, Post and Telecommunication Services",1753.932616217491
北京市,2021,18.976727335857053,2021年30个省份排放清单.xlsx,Beijing2021,"Transportation, Storage, Post and Telecommunication Services",1897.6727335857054
北京市,2022,13.473669094514129,2022年30个省份排放清单.xlsx,Beijing2022,"Transportation, Storage, Post and Telecommunication Services",1347.366909451413
吉林省,2012,10.438108954221514,2012年30个省份排放清单.xlsx,Jilin2012,"Transportation, Storage, Post and Telecommunication Services",1043.8108954221514
吉林省,2013,13.831697313404932,2013年30个省份排放清单.xlsx,Jilin2013,"Transportation, Storage, Post and Telecommunication Services",1383.1697313404932
吉林省,2014,14.277174625344987,2014年30个省份排放清单.xlsx,Jilin2014,"Transportation, Storage, Post and Telecommunication Services",1427.7174625344987
吉林省,2015,14.505600089202742,2015年30个省份排放清单.xlsx,Jilin2015,"Transportation, Storage, Post and Telecommunication Services",1450.5600089202742
吉林省,2016,13.878933731634808,2016年30个省份排放清单.xlsx,Jilin2016,"Transportation, Storage, Post and Telecommunication Services",1387.8933731634809
吉林省,2017,13.8874461395695,2017年30个省份排放清单.xlsx,Jilin2017,"Transportation, Storage, Post and Telecommunication Services",1388.74461395695
吉林省,2018,10.843697103365832,2018年30个省份排放清单.xlsx,Jilin2018,"Transportation, Storage, Post and Telecommunication Services",1084.3697103365832
吉林省,2019,10.858581757389349,2019年30个省份排放清单.xlsx,Jilin2019,"Transportation, Storage, Post and Telecommunication Services",1085.858175738935
吉林省,2020,10.60021269654441,2020年30个省份排放清单.xlsx,Jilin2020,"Transportation, Storage, Post and Telecommunication Services",1060.021269654441
吉林省,2021,11.329922962740474,2021年30个省份排放清单.xlsx,Jilin2021,"Transportation, Storage, Post and Telecommunication Services",1132.9922962740475
吉林省,2022,7.639255892048404,2022年30个省份排放清单.xlsx,Jilin2022,"Transportation, Storage, Post and Telecommunication Services",763.9255892048404
四川省,2012,18.65018004713493,2012年30个省份排放清单.xlsx,Sichuan2012,"Transportation, Storage, Post and Telecommunication Services",1865.0180047134932
四川省,2013,13.55423574944533,2013年30个省份排放清单.xlsx,Sichuan2013,"Transportation, Storage, Post and Telecommunication Services",1355.423574944533
四川省,2014,19.822641245261174,2014年30个省份排放清单.xlsx,Sichuan2014,"Transportation, Storage, Post and Telecommunication Services",1982.2641245261175
四川省,2015,19.243727013425406,2015年30个省份排放清单.xlsx,Sichuan2015,"Transportation, Storage, Post and Telecommunication Services",1924.3727013425407
四川省,2016,27.600592465246727,2016年30个省份排放清单.xlsx,Sichuan2016,"Transportation, Storage, Post and Telecommunication Services",2760.0592465246727
四川省,2017,29.077733047260267,2017年30个省份排放清单.xlsx,Sichuan2017,"Transportation, Storage, Post and Telecommunication Services",2907.7733047260267
四川省,2018,28.696851777077292,2018年30个省份排放清单.xlsx,Sichuan2018,"Transportation, Storage, Post and Telecommunication Services",2869.685177707729
四川省,2019,30.026500237454815,2019年30个省份排放清单.xlsx,Sichuan2019,"Transportation, Storage, Post and Telecommunication Services",3002.6500237454816
四川省,2020,28.737442937085074,2020年30个省份排放清单.xlsx,Sichuan2020,"Transportation, Storage, Post and Telecommunication Services",2873.7442937085075
四川省,2021,29.80203901314124,2021年30个省份排放清单.xlsx,Sichuan2021,"Transportation, Storage, Post and Telecommunication Services",2980.203901314124
四川省,2022,29.73746833035421,2022年30个省份排放清单.xlsx,Sichuan2022,"Transportation, Storage, Post and Telecommunication Services",2973.7468330354213
天津市,2012,9.601129681707285,2012年30个省份排放清单.xlsx,Tianjin2012,"Transportation, Storage, Post and Telecommunication Services",960.1129681707284
天津市,2013,7.8851011285654495,2013年30个省份排放清单.xlsx,Tianjin2013,"Transportation, Storage, Post and Telecommunication Services",788.510112856545
天津市,2014,8.369794395398154,2014年30个省份排放清单.xlsx,Tianjin2014,"Transportation, Storage, Post and Telecommunication Services",836.9794395398154
天津市,2015,8.313349213670023,2015年30个省份排放清单.xlsx,Tianjin2015,"Transportation, Storage, Post and Telecommunication Services",831.3349213670023
天津市,2016,8.425218033142608,2016年30个省份排放清单.xlsx,Tianjin2016,"Transportation, Storage, Post and Telecommunication Services",842.5218033142608
天津市,2017,8.536078511763908,2017年30个省份排放清单.xlsx,Tianjin2017,"Transportation, Storage, Post and Telecommunication Services",853.6078511763908
天津市,2018,8.537918128239417,2018年30个省份排放清单.xlsx,Tianjin2018,"Transportation, Storage, Post and Telecommunication Services",853.7918128239417
天津市,2019,8.78171296965426,2019年30个省份排放清单.xlsx,Tianjin2019,"Transportation, Storage, Post and Telecommunication Services",878.171296965426
天津市,2020,8.065540519789755,2020年30个省份排放清单.xlsx,Tianjin2020,"Transportation, Storage, Post and Telecommunication Services",806.5540519789755
天津市,2021,8.79133544201229,2021年30个省份排放清单.xlsx,Tianjin2021,"Transportation, Storage, Post and Telecommunication Services",879.133544201229
天津市,2022,8.265164328972062,2022年30个省份排放清单.xlsx,Tianjin2022,"Transportation, Storage, Post and Telecommunication Services",826.5164328972062
宁夏回族自治区,2012,3.273954843317025,2012年30个省份排放清单.xlsx,Ningxia2012,"Transportation, Storage, Post and Telecommunication Services",327.3954843317025
宁夏回族自治区,2013,3.385504709158662,2013年30个省份排放清单.xlsx,Ningxia2013,"Transportation, Storage, Post and Telecommunication Services",338.5504709158662
宁夏回族自治区,2014,3.58276454094235,2014年30个省份排放清单.xlsx,Ningxia2014,"Transportation, Storage, Post and Telecommunication Services",358.276454094235
宁夏回族自治区,2015,3.717776514419104,2015年30个省份排放清单.xlsx,Ningxia2015,"Transportation, Storage, Post and Telecommunication Services",371.7776514419104
宁夏回族自治区,2016,3.699255064253609,2016年30个省份排放清单.xlsx,Ningxia2016,"Transportation, Storage, Post and Telecommunication Services",369.9255064253609
宁夏回族自治区,2017,3.6210783178554258,2017年30个省份排放清单.xlsx,Ningxia2017,"Transportation, Storage, Post and Telecommunication Services",362.1078317855426
宁夏回族自治区,2018,3.133881363632763,2018年30个省份排放清单.xlsx,Ningxia2018,"Transportation, Storage, Post and Telecommunication Services",313.3881363632763
宁夏回族自治区,2019,3.442336596968504,2019年30个省份排放清单.xlsx,Ningxia2019,"Transportation, Storage, Post and Telecommunication Services",344.2336596968504
宁夏回族自治区,2020,3.264012758103664,2020年30个省份排放清单.xlsx,Ningxia2020,"Transportation, Storage, Post and Telecommunication Services",326.40127581036637
宁夏回族自治区,2021,3.5620951530760854,2021年30个省份排放清单.xlsx,Ningxia2021,"Transportation, Storage, Post and Telecommunication Services",356.2095153076085
宁夏回族自治区,2022,3.3977052399435888,2022年30个省份排放清单.xlsx,Ningxia2022,"Transportation, Storage, Post and Telecommunication Services",339.7705239943589
安徽省,2012,16.287369798294776,2012年30个省份排放清单.xlsx,Anhui2012,"Transportation, Storage, Post and Telecommunication Services",1628.7369798294776
安徽省,2013,17.92783318546241,2013年30个省份排放清单.xlsx,Anhui2013,"Transportation, Storage, Post and Telecommunication Services",1792.7833185462412
安徽省,2014,19.86628243388372,2014年30个省份排放清单.xlsx,Anhui2014,"Transportation, Storage, Post and Telecommunication Services",1986.6282433883719
安徽省,2015,19.948779240723738,2015年30个省份排放清单.xlsx,Anhui2015,"Transportation, Storage, Post and Telecommunication Services",1994.8779240723738
安徽省,2016,20.182062208323988,2016年30个省份排放清单.xlsx,Anhui2016,"Transportation, Storage, Post and Telecommunication Services",2018.2062208323987
安徽省,2017,21.393920923451446,2017年30个省份排放清单.xlsx,Anhui2017,"Transportation, Storage, Post and Telecommunication Services",2139.3920923451446
安徽省,2018,22.230107333145313,2018年30个省份排放清单.xlsx,Anhui2018,"Transportation, Storage, Post and Telecommunication Services",2223.010733314531
安徽省,2019,21.479949864575303,2019年30个省份排放清单.xlsx,Anhui2019,"Transportation, Storage, Post and Telecommunication Services",2147.99498645753
安徽省,2020,20.877718792744243,2020年30个省份排放清单.xlsx,Anhui2020,"Transportation, Storage, Post and Telecommunication Services",2087.7718792744245
安徽省,2021,20.373867237499574,2021年30个省份排放清单.xlsx,Anhui2021,"Transportation, Storage, Post and Telecommunication Services",2037.3867237499574
安徽省,2022,18.868662978989647,2022年30个省份排放清单.xlsx,Anhui2022,"Transportation, Storage, Post and Telecommunication Services",1886.8662978989646
山东省,2012,61.61460489751555,2012年30个省份排放清单.xlsx,Shandong2012,"Transportation, Storage, Post and Telecommunication Services",6161.460489751555
山东省,2013,35.89056026448357,2013年30个省份排放清单.xlsx,Shandong2013,"Transportation, Storage, Post and Telecommunication Services",3589.056026448357
山东省,2014,36.91255578900997,2014年30个省份排放清单.xlsx,Shandong2014,"Transportation, Storage, Post and Telecommunication Services",3691.255578900997
山东省,2015,37.76516570301848,2015年30个省份排放清单.xlsx,Shandong2015,"Transportation, Storage, Post and Telecommunication Services",3776.5165703018483
山东省,2016,39.3537687037997,2016年30个省份排放清单.xlsx,Shandong2016,"Transportation, Storage, Post and Telecommunication Services",3935.37687037997
山东省,2017,43.8332223556783,2017年30个省份排放清单.xlsx,Shandong2017,"Transportation, Storage, Post and Telecommunication Services",4383.32223556783
山东省,2018,42.96193420990434,2018年30个省份排放清单.xlsx,Shandong2018,"Transportation, Storage, Post and Telecommunication Services",4296.193420990434
山东省,2019,43.5970796434954,2019年30个省份排放清单.xlsx,Shandong2019,"Transportation, Storage, Post and Telecommunication Services",4359.70796434954
山东省,2020,34.02814308664666,2020年30个省份排放清单.xlsx,Shandong2020,"Transportation, Storage, Post and Telecommunication Services",3402.814308664666
山东省,2021,35.785361855414955,2021年30个省份排放清单.xlsx,Shandong2021,"Transportation, Storage, Post and Telecommunication Services",3578.5361855414953
山东省,2022,37.10461459020168,2022年30个省份排放清单.xlsx,Shandong2022,"Transportation, Storage, Post and Telecommunication Services",3710.4614590201677
山西省,2012,16.807593421502002,2012年30个省份排放清单.xlsx,Shanxi2012,"Transportation, Storage, Post and Telecommunication Services",1680.7593421502002
山西省,2013,17.405178230958843,2013年30个省份排放清单.xlsx,Shanxi2013,"Transportation, Storage, Post and Telecommunication Services",1740.5178230958843
山西省,2014,17.112608766802236,2014年30个省份排放清单.xlsx,Shanxi2014,"Transportation, Storage, Post and Telecommunication Services",1711.2608766802236
山西省,2015,18.21314047344738,2015年30个省份排放清单.xlsx,Shanxi2015,"Transportation, Storage, Post and Telecommunication Services",1821.314047344738
山西省,2016,18.748097754232983,2016年30个省份排放清单.xlsx,Shanxi2016,"Transportation, Storage, Post and Telecommunication Services",1874.8097754232983
山西省,2017,19.46394779173532,2017年30个省份排放清单.xlsx,Shanxi2017,"Transportation, Storage, Post and Telecommunication Services",1946.3947791735318
山西省,2018,18.31353606599825,2018年30个省份排放清单.xlsx,Shanxi2018,"Transportation, Storage, Post and Telecommunication Services",1831.353606599825
山西省,2019,18.13532171682243,2019年30个省份排放清单.xlsx,Shanxi2019,"Transportation, Storage, Post and Telecommunication Services",1813.5321716822427
山西省,2020,14.567580321014221,2020年30个省份排放清单.xlsx,Shanxi2020,"Transportation, Storage, Post and Telecommunication Services",1456.758032101422
山西省,2021,14.875280344596645,2021年30个省份排放清单.xlsx,Shanxi2021,"Transportation, Storage, Post and Telecommunication Services",1487.5280344596645
山西省,2022,14.285828961953719,2022年30个省份排放清单.xlsx,Shanxi2022,"Transportation, Storage, Post and Telecommunication Services",1428.5828961953719
广东省,2012,56.649137260748944,2012年30个省份排放清单.xlsx,Guangdong2012,"Transportation, Storage, Post and Telecommunication Services",5664.913726074894
广东省,2013,54.88146994542074,2013年30个省份排放清单.xlsx,Guangdong2013,"Transportation, Storage, Post and Telecommunication Services",5488.146994542074
广东省,2014,57.479643741306226,2014年30个省份排放清单.xlsx,Guangdong2014,"Transportation, Storage, Post and Telecommunication Services",5747.964374130623
广东省,2015,62.79502186966702,2015年30个省份排放清单.xlsx,Guangdong2015,"Transportation, Storage, Post and Telecommunication Services",6279.502186966702
广东省,2016,67.03920175933969,2016年30个省份排放清单.xlsx,Guangdong2016,"Transportation, Storage, Post and Telecommunication Services",6703.920175933969
广东省,2017,67.94967626720975,2017年30个省份排放清单.xlsx,Guangdong2017,"Transportation, Storage, Post and Telecommunication Services",6794.967626720975
广东省,2018,69.24761048107035,2018年30个省份排放清单.xlsx,Guangdong2018,"Transportation, Storage, Post and Telecommunication Services",6924.761048107035
广东省,2019,70.15233049631078,2019年30个省份排放清单.xlsx,Guangdong2019,"Transportation, Storage, Post and Telecommunication Services",7015.233049631078
广东省,2020,61.76370928616779,2020年30个省份排放清单.xlsx,Guangdong2020,"Transportation, Storage, Post and Telecommunication Services",6176.370928616779
广东省,2021,59.19225487421664,2021年30个省份排放清单.xlsx,Guangdong2021,"Transportation, Storage, Post and Telecommunication Services",5919.225487421663
广东省,2022,46.552409291152024,2022年30个省份排放清单.xlsx,Guangdong2022,"Transportation, Storage, Post and Telecommunication Services",4655.240929115203
广西壮族自治区,2012,17.563888777151185,2012年30个省份排放清单.xlsx,Guangxi2012,"Transportation, Storage, Post and Telecommunication Services",1756.3888777151185
广西壮族自治区,2013,13.679164561581578,2013年30个省份排放清单.xlsx,Guangxi2013,"Transportation, Storage, Post and Telecommunication Services",1367.9164561581579
广西壮族自治区,2014,17.26680926064174,2014年30个省份排放清单.xlsx,Guangxi2014,"Transportation, Storage, Post and Telecommunication Services",1726.680926064174
广西壮族自治区,2015,17.904617010918948,2015年30个省份排放清单.xlsx,Guangxi2015,"Transportation, Storage, Post and Telecommunication Services",1790.4617010918948
广西壮族自治区,2016,18.387242235222853,2016年30个省份排放清单.xlsx,Guangxi2016,"Transportation, Storage, Post and Telecommunication Services",1838.7242235222852
广西壮族自治区,2017,20.019627704230775,2017年30个省份排放清单.xlsx,Guangxi2017,"Transportation, Storage, Post and Telecommunication Services",2001.9627704230775
广西壮族自治区,2018,20.569420509537093,2018年30个省份排放清单.xlsx,Guangxi2018,"Transportation, Storage, Post and Telecommunication Services",2056.9420509537094
广西壮族自治区,2019,19.805378845021444,2019年30个省份排放清单.xlsx,Guangxi2019,"Transportation, Storage, Post and Telecommunication Services",1980.5378845021444
广西壮族自治区,2020,16.736280001522864,2020年30个省份排放清单.xlsx,Guangxi2020,"Transportation, Storage, Post and Telecommunication Services",1673.6280001522864
广西壮族自治区,2021,18.03821658756371,2021年30个省份排放清单.xlsx,Guangxi2021,"Transportation, Storage, Post and Telecommunication Services",1803.821658756371
广西壮族自治区,2022,18.287142656504244,2022年30个省份排放清单.xlsx,Guangxi2022,"Transportation, Storage, Post and Telecommunication Services",1828.7142656504243
新疆维吾尔自治区,2012,12.207491182528475,2012年30个省份排放清单.xlsx,Xinjiang2012,"Transportation, Storage, Post and Telecommunication Services",1220.7491182528474
新疆维吾尔自治区,2013,14.762568091155442,2013年30个省份排放清单.xlsx,Xinjiang2013,"Transportation, Storage, Post and Telecommunication Services",1476.2568091155442
新疆维吾尔自治区,2014,15.44164071278862,2014年30个省份排放清单.xlsx,Xinjiang2014,"Transportation, Storage, Post and Telecommunication Services",1544.1640712788621
新疆维吾尔自治区,2015,18.415594388135617,2015年30个省份排放清单.xlsx,Xinjiang2015,"Transportation, Storage, Post and Telecommunication Services",1841.5594388135617
新疆维吾尔自治区,2016,19.547247174221887,2016年30个省份排放清单.xlsx,Xinjiang2016,"Transportation, Storage, Post and Telecommunication Services",1954.7247174221886
新疆维吾尔自治区,2017,20.76837598124063,2017年30个省份排放清单.xlsx,Xinjiang2017,"Transportation, Storage, Post and Telecommunication Services",2076.837598124063
新疆维吾尔自治区,2018,20.99888139752411,2018年30个省份排放清单.xlsx,Xinjiang2018,"Transportation, Storage, Post and Telecommunication Services",2099.888139752411
新疆维吾尔自治区,2019,20.76259344536568,2019年30个省份排放清单.xlsx,Xinjiang2019,"Transportation, Storage, Post and Telecommunication Services",2076.2593445365683
新疆维吾尔自治区,2020,16.612590198340556,2020年30个省份排放清单.xlsx,Xinjiang2020,"Transportation, Storage, Post and Telecommunication Services",1661.2590198340556
新疆维吾尔自治区,2021,17.832530148798178,2021年30个省份排放清单.xlsx,Xinjiang2021,"Transportation, Storage, Post and Telecommunication Services",1783.2530148798178
新疆维吾尔自治区,2022,17.63069530733089,2022年30个省份排放清单.xlsx,Xinjiang2022,"Transportation, Storage, Post and Telecommunication Services",1763.0695307330889
江苏省,2012,31.90846083682249,2012年30个省份排放清单.xlsx,Jiangsu2012,"Transportation, Storage, Post and Telecommunication Services",3190.8460836822487
江苏省,2013,34.34481246611094,2013年30个省份排放清单.xlsx,Jiangsu2013,"Transportation, Storage, Post and Telecommunication Services",3434.481246611094
江苏省,2014,37.643963493493516,2014年30个省份排放清单.xlsx,Jiangsu2014,"Transportation, Storage, Post and Telecommunication Services",3764.3963493493516
江苏省,2015,39.21256311470182,2015年30个省份排放清单.xlsx,Jiangsu2015,"Transportation, Storage, Post and Telecommunication Services",3921.2563114701825
江苏省,2016,40.31731693510024,2016年30个省份排放清单.xlsx,Jiangsu2016,"Transportation, Storage, Post and Telecommunication Services",4031.731693510024
江苏省,2017,42.126168749607515,2017年30个省份排放清单.xlsx,Jiangsu2017,"Transportation, Storage, Post and Telecommunication Services",4212.616874960751
江苏省,2018,44.69011936100283,2018年30个省份排放清单.xlsx,Jiangsu2018,"Transportation, Storage, Post and Telecommunication Services",4469.011936100283
江苏省,2019,47.42671993350793,2019年30个省份排放清单.xlsx,Jiangsu2019,"Transportation, Storage, Post and Telecommunication Services",4742.671993350793
江苏省,2020,47.76480852527972,2020年30个省份排放清单.xlsx,Jiangsu2020,"Transportation, Storage, Post and Telecommunication Services",4776.480852527972
江苏省,2021,45.86522495567287,2021年30个省份排放清单.xlsx,Jiangsu2021,"Transportation, Storage, Post and Telecommunication Services",4586.5224955672875
江苏省,2022,43.6414847648677,2022年30个省份排放清单.xlsx,Jiangsu2022,"Transportation, Storage, Post and Telecommunication Services",4364.14847648677
江西省,2012,10.007872588181991,2012年30个省份排放清单.xlsx,Jiangxi2012,"Transportation, Storage, Post and Telecommunication Services",1000.7872588181991
江西省,2013,12.431956856970375,2013年30个省份排放清单.xlsx,Jiangxi2013,"Transportation, Storage, Post and Telecommunication Services",1243.1956856970376
江西省,2014,12.738501550535549,2014年30个省份排放清单.xlsx,Jiangxi2014,"Transportation, Storage, Post and Telecommunication Services",1273.850155053555
江西省,2015,13.847322211572418,2015年30个省份排放清单.xlsx,Jiangxi2015,"Transportation, Storage, Post and Telecommunication Services",1384.7322211572418
江西省,2016,14.030501632141492,2016年30个省份排放清单.xlsx,Jiangxi2016,"Transportation, Storage, Post and Telecommunication Services",1403.0501632141493
江西省,2017,14.576765244134656,2017年30个省份排放清单.xlsx,Jiangxi2017,"Transportation, Storage, Post and Telecommunication Services",1457.6765244134656
江西省,2018,16.81841672074908,2018年30个省份排放清单.xlsx,Jiangxi2018,"Transportation, Storage, Post and Telecommunication Services",1681.841672074908
江西省,2019,18.15237112350038,2019年30个省份排放清单.xlsx,Jiangxi2019,"Transportation, Storage, Post and Telecommunication Services",1815.237112350038
江西省,2020,17.96249837197425,2020年30个省份排放清单.xlsx,Jiangxi2020,"Transportation, Storage, Post and Telecommunication Services",1796.2498371974248
江西省,2021,18.093645128427575,2021年30个省份排放清单.xlsx,Jiangxi2021,"Transportation, Storage, Post and Telecommunication Services",1809.3645128427574
江西省,2022,20.65041176772299,2022年30个省份排放清单.xlsx,Jiangxi2022,"Transportation, Storage, Post and Telecommunication Services",2065.041176772299
河北省,2012,17.886254001011533,2012年30个省份排放清单.xlsx,Hebei2012,"Transportation, Storage, Post and Telecommunication Services",1788.6254001011532
河北省,2013,18.149062946369636,2013年30个省份排放清单.xlsx,Hebei2013,"Transportation, Storage, Post and Telecommunication Services",1814.9062946369636
河北省,2014,16.378174164207472,2014年30个省份排放清单.xlsx,Hebei2014,"Transportation, Storage, Post and Telecommunication Services",1637.8174164207471
河北省,2015,16.128056077527543,2015年30个省份排放清单.xlsx,Hebei2015,"Transportation, Storage, Post and Telecommunication Services",1612.8056077527542
河北省,2016,19.283767206906916,2016年30个省份排放清单.xlsx,Hebei2016,"Transportation, Storage, Post and Telecommunication Services",1928.3767206906916
河北省,2017,17.2415891386393,2017年30个省份排放清单.xlsx,Hebei2017,"Transportation, Storage, Post and Telecommunication Services",1724.15891386393
河北省,2018,17.778836695836947,2018年30个省份排放清单.xlsx,Hebei2018,"Transportation, Storage, Post and Telecommunication Services",1777.8836695836947
河北省,2019,19.003981463290675,2019年30个省份排放清单.xlsx,Hebei2019,"Transportation, Storage, Post and Telecommunication Services",1900.3981463290675
河北省,2020,11.810695816065634,2020年30个省份排放清单.xlsx,Hebei2020,"Transportation, Storage, Post and Telecommunication Services",1181.0695816065634
河北省,2021,14.158341286995038,2021年30个省份排放清单.xlsx,Hebei2021,"Transportation, Storage, Post and Telecommunication Services",1415.8341286995037
河北省,2022,13.060451390706424,2022年30个省份排放清单.xlsx,Hebei2022,"Transportation, Storage, Post and Telecommunication Services",1306.0451390706423
河南省,2012,20.581076497389198,2012年30个省份排放清单.xlsx,Henan2012,"Transportation, Storage, Post and Telecommunication Services",2058.10764973892
河南省,2013,22.991721876057586,2013年30个省份排放清单.xlsx,Henan2013,"Transportation, Storage, Post and Telecommunication Services",2299.1721876057586
河南省,2014,24.271552385844625,2014年30个省份排放清单.xlsx,Henan2014,"Transportation, Storage, Post and Telecommunication Services",2427.1552385844625
河南省,2015,26.068581407140123,2015年30个省份排放清单.xlsx,Henan2015,"Transportation, Storage, Post and Telecommunication Services",2606.8581407140123
河南省,2016,25.761923067041792,2016年30个省份排放清单.xlsx,Henan2016,"Transportation, Storage, Post and Telecommunication Services",2576.1923067041794
河南省,2017,25.896940748950293,2017年30个省份排放清单.xlsx,Henan2017,"Transportation, Storage, Post and Telecommunication Services",2589.694074895029
河南省,2018,31.241644939467463,2018年30个省份排放清单.xlsx,Henan2018,"Transportation, Storage, Post and Telecommunication Services",3124.1644939467465
河南省,2019,30.98241552039508,2019年30个省份排放清单.xlsx,Henan2019,"Transportation, Storage, Post and Telecommunication Services",3098.241552039508
河南省,2020,31.944447850276642,2020年30个省份排放清单.xlsx,Henan2020,"Transportation, Storage, Post and Telecommunication Services",3194.4447850276642
河南省,2021,34.58005267141633,2021年30个省份排放清单.xlsx,Henan2021,"Transportation, Storage, Post and Telecommunication Services",3458.0052671416333
河南省,2022,52.105627192593126,2022年30个省份排放清单.xlsx,Henan2022,"Transportation, Storage, Post and Telecommunication Services",5210.562719259313
浙江省,2012,25.72132087238295,2012年30个省份排放清单.xlsx,Zhejiang2012,"Transportation, Storage, Post and Telecommunication Services",2572.132087238295
浙江省,2013,26.854724826357458,2013年30个省份排放清单.xlsx,Zhejiang2013,"Transportation, Storage, Post and Telecommunication Services",2685.472482635746
浙江省,2014,27.33739015152855,2014年30个省份排放清单.xlsx,Zhejiang2014,"Transportation, Storage, Post and Telecommunication Services",2733.739015152855
浙江省,2015,29.010463928270646,2015年30个省份排放清单.xlsx,Zhejiang2015,"Transportation, Storage, Post and Telecommunication Services",2901.0463928270647
浙江省,2016,29.043888750898866,2016年30个省份排放清单.xlsx,Zhejiang2016,"Transportation, Storage, Post and Telecommunication Services",2904.3888750898864
浙江省,2017,30.161579407160605,2017年30个省份排放清单.xlsx,Zhejiang2017,"Transportation, Storage, Post and Telecommunication Services",3016.1579407160607
浙江省,2018,29.37894187352144,2018年30个省份排放清单.xlsx,Zhejiang2018,"Transportation, Storage, Post and Telecommunication Services",2937.894187352144
浙江省,2019,27.374525619407443,2019年30个省份排放清单.xlsx,Zhejiang2019,"Transportation, Storage, Post and Telecommunication Services",2737.452561940744
浙江省,2020,28.58681426601491,2020年30个省份排放清单.xlsx,Zhejiang2020,"Transportation, Storage, Post and Telecommunication Services",2858.681426601491
浙江省,2021,29.69622800822839,2021年30个省份排放清单.xlsx,Zhejiang2021,"Transportation, Storage, Post and Telecommunication Services",2969.622800822839
浙江省,2022,28.71859117491546,2022年30个省份排放清单.xlsx,Zhejiang2022,"Transportation, Storage, Post and Telecommunication Services",2871.859117491546
海南省,2012,6.541902889685637,2012年30个省份排放清单.xlsx,Hainan2012,"Transportation, Storage, Post and Telecommunication Services",654.1902889685637
海南省,2013,5.990428218363554,2013年30个省份排放清单.xlsx,Hainan2013,"Transportation, Storage, Post and Telecommunication Services",599.0428218363554
海南省,2014,5.641883455154312,2014年30个省份排放清单.xlsx,Hainan2014,"Transportation, Storage, Post and Telecommunication Services",564.1883455154313
海南省,2015,5.894738878115808,2015年30个省份排放清单.xlsx,Hainan2015,"Transportation, Storage, Post and Telecommunication Services",589.4738878115808
海南省,2016,5.6546063003359865,2016年30个省份排放清单.xlsx,Hainan2016,"Transportation, Storage, Post and Telecommunication Services",565.4606300335987
海南省,2017,5.995375246892175,2017年30个省份排放清单.xlsx,Hainan2017,"Transportation, Storage, Post and Telecommunication Services",599.5375246892175
海南省,2018,5.796173329938472,2018年30个省份排放清单.xlsx,Hainan2018,"Transportation, Storage, Post and Telecommunication Services",579.6173329938472
海南省,2019,5.917798546336043,2019年30个省份排放清单.xlsx,Hainan2019,"Transportation, Storage, Post and Telecommunication Services",591.7798546336044
海南省,2020,6.00402324539916,2020年30个省份排放清单.xlsx,Hainan2020,"Transportation, Storage, Post and Telecommunication Services",600.402324539916
海南省,2021,6.403473089117563,2021年30个省份排放清单.xlsx,Hainan2021,"Transportation, Storage, Post and Telecommunication Services",640.3473089117563
海南省,2022,5.751218422948299,2022年30个省份排放清单.xlsx,Hainan2022,"Transportation, Storage, Post and Telecommunication Services",575.1218422948299
湖北省,2012,28.054345046478335,2012年30个省份排放清单.xlsx,Hubei2012,"Transportation, Storage, Post and Telecommunication Services",2805.4345046478334
湖北省,2013,26.539158606928556,2013年30个省份排放清单.xlsx,Hubei2013,"Transportation, Storage, Post and Telecommunication Services",2653.9158606928554
湖北省,2014,28.725258695514434,2014年30个省份排放清单.xlsx,Hubei2014,"Transportation, Storage, Post and Telecommunication Services",2872.5258695514435
湖北省,2015,29.295655636028762,2015年30个省份排放清单.xlsx,Hubei2015,"Transportation, Storage, Post and Telecommunication Services",2929.5655636028764
湖北省,2016,35.83114178872663,2016年30个省份排放清单.xlsx,Hubei2016,"Transportation, Storage, Post and Telecommunication Services",3583.114178872663
湖北省,2017,36.37098132663983,2017年30个省份排放清单.xlsx,Hubei2017,"Transportation, Storage, Post and Telecommunication Services",3637.098132663983
湖北省,2018,36.839373756038825,2018年30个省份排放清单.xlsx,Hubei2018,"Transportation, Storage, Post and Telecommunication Services",3683.9373756038826
湖北省,2019,40.86612278793026,2019年30个省份排放清单.xlsx,Hubei2019,"Transportation, Storage, Post and Telecommunication Services",4086.612278793026
湖北省,2020,34.498346994014554,2020年30个省份排放清单.xlsx,Hubei2020,"Transportation, Storage, Post and Telecommunication Services",3449.8346994014555
湖北省,2021,40.29195100901421,2021年30个省份排放清单.xlsx,Hubei2021,"Transportation, Storage, Post and Telecommunication Services",4029.195100901421
湖北省,2022,34.463224824348565,2022年30个省份排放清单.xlsx,Hubei2022,"Transportation, Storage, Post and Telecommunication Services",3446.3224824348563
湖南省,2012,17.304663862962855,2012年30个省份排放清单.xlsx,Hunan2012,"Transportation, Storage, Post and Telecommunication Services",1730.4663862962855
湖南省,2013,21.716637171389117,2013年30个省份排放清单.xlsx,Hunan2013,"Transportation, Storage, Post and Telecommunication Services",2171.6637171389116
湖南省,2014,23.723519270583587,2014年30个省份排放清单.xlsx,Hunan2014,"Transportation, Storage, Post and Telecommunication Services",2372.351927058359
湖南省,2015,26.778281108345055,2015年30个省份排放清单.xlsx,Hunan2015,"Transportation, Storage, Post and Telecommunication Services",2677.8281108345054
湖南省,2016,27.89580365959517,2016年30个省份排放清单.xlsx,Hunan2016,"Transportation, Storage, Post and Telecommunication Services",2789.580365959517
湖南省,2017,28.91861363943612,2017年30个省份排放清单.xlsx,Hunan2017,"Transportation, Storage, Post and Telecommunication Services",2891.861363943612
湖南省,2018,31.17819474941615,2018年30个省份排放清单.xlsx,Hunan2018,"Transportation, Storage, Post and Telecommunication Services",3117.819474941615
湖南省,2019,32.30831668384112,2019年30个省份排放清单.xlsx,Hunan2019,"Transportation, Storage, Post and Telecommunication Services",3230.831668384112
湖南省,2020,31.66243287272015,2020年30个省份排放清单.xlsx,Hunan2020,"Transportation, Storage, Post and Telecommunication Services",3166.243287272015
湖南省,2021,33.12413949243639,2021年30个省份排放清单.xlsx,Hunan2021,"Transportation, Storage, Post and Telecommunication Services",3312.4139492436393
湖南省,2022,32.78038216698389,2022年30个省份排放清单.xlsx,Hunan2022,"Transportation, Storage, Post and Telecommunication Services",3278.038216698389
甘肃省,2012,7.286439703774734,2012年30个省份排放清单.xlsx,Gansu2012,"Transportation, Storage, Post and Telecommunication Services",728.6439703774735
甘肃省,2013,10.040441035986506,2013年30个省份排放清单.xlsx,Gansu2013,"Transportation, Storage, Post and Telecommunication Services",1004.0441035986506
甘肃省,2014,10.219783699054656,2014年30个省份排放清单.xlsx,Gansu2014,"Transportation, Storage, Post and Telecommunication Services",1021.9783699054656
甘肃省,2015,9.625622374884484,2015年30个省份排放清单.xlsx,Gansu2015,"Transportation, Storage, Post and Telecommunication Services",962.5622374884484
甘肃省,2016,9.401228739610614,2016年30个省份排放清单.xlsx,Gansu2016,"Transportation, Storage, Post and Telecommunication Services",940.1228739610614
甘肃省,2017,9.546472085952413,2017年30个省份排放清单.xlsx,Gansu2017,"Transportation, Storage, Post and Telecommunication Services",954.6472085952413
甘肃省,2018,8.95900326818711,2018年30个省份排放清单.xlsx,Gansu2018,"Transportation, Storage, Post and Telecommunication Services",895.900326818711
甘肃省,2019,9.042964115051138,2019年30个省份排放清单.xlsx,Gansu2019,"Transportation, Storage, Post and Telecommunication Services",904.2964115051138
甘肃省,2020,8.826509297736731,2020年30个省份排放清单.xlsx,Gansu2020,"Transportation, Storage, Post and Telecommunication Services",882.650929773673
甘肃省,2021,8.346801630804045,2021年30个省份排放清单.xlsx,Gansu2021,"Transportation, Storage, Post and Telecommunication Services",834.6801630804044
甘肃省,2022,9.07668974899162,2022年30个省份排放清单.xlsx,Gansu2022,"Transportation, Storage, Post and Telecommunication Services",907.6689748991621
福建省,2012,17.12618259866301,2012年30个省份排放清单.xlsx,Fujian2012,"Transportation, Storage, Post and Telecommunication Services",1712.618259866301
福建省,2013,17.66380474280767,2013年30个省份排放清单.xlsx,Fujian2013,"Transportation, Storage, Post and Telecommunication Services",1766.380474280767
福建省,2014,19.149913051441384,2014年30个省份排放清单.xlsx,Fujian2014,"Transportation, Storage, Post and Telecommunication Services",1914.9913051441383
福建省,2015,20.176436364646413,2015年30个省份排放清单.xlsx,Fujian2015,"Transportation, Storage, Post and Telecommunication Services",2017.6436364646413
福建省,2016,21.47611512563109,2016年30个省份排放清单.xlsx,Fujian2016,"Transportation, Storage, Post and Telecommunication Services",2147.611512563109
福建省,2017,22.711218520299173,2017年30个省份排放清单.xlsx,Fujian2017,"Transportation, Storage, Post and Telecommunication Services",2271.121852029917
福建省,2018,24.100294751909694,2018年30个省份排放清单.xlsx,Fujian2018,"Transportation, Storage, Post and Telecommunication Services",2410.029475190969
福建省,2019,25.989469086781174,2019年30个省份排放清单.xlsx,Fujian2019,"Transportation, Storage, Post and Telecommunication Services",2598.9469086781173
福建省,2020,23.66971840198935,2020年30个省份排放清单.xlsx,Fujian2020,"Transportation, Storage, Post and Telecommunication Services",2366.971840198935
福建省,2021,25.084607773562833,2021年30个省份排放清单.xlsx,Fujian2021,"Transportation, Storage, Post and Telecommunication Services",2508.4607773562834
福建省,2022,23.76073935429823,2022年30个省份排放清单.xlsx,Fujian2022,"Transportation, Storage, Post and Telecommunication Services",2376.073935429823
贵州省,2012,12.881692005086933,2012年30个省份排放清单.xlsx,Guizhou2012,"Transportation, Storage, Post and Telecommunication Services",1288.1692005086934
贵州省,2013,12.28516673141745,2013年30个省份排放清单.xlsx,Guizhou2013,"Transportation, Storage, Post and Telecommunication Services",1228.516673141745
贵州省,2014,13.085602944849644,2014年30个省份排放清单.xlsx,Guizhou2014,"Transportation, Storage, Post and Telecommunication Services",1308.5602944849643
贵州省,2015,14.543917285274414,2015年30个省份排放清单.xlsx,Guizhou2015,"Transportation, Storage, Post and Telecommunication Services",1454.3917285274415
贵州省,2016,16.03006105157598,2016年30个省份排放清单.xlsx,Guizhou2016,"Transportation, Storage, Post and Telecommunication Services",1603.006105157598
贵州省,2017,14.072920160537432,2017年30个省份排放清单.xlsx,Guizhou2017,"Transportation, Storage, Post and Telecommunication Services",1407.2920160537433
贵州省,2018,15.103252816903662,2018年30个省份排放清单.xlsx,Guizhou2018,"Transportation, Storage, Post and Telecommunication Services",1510.3252816903662
贵州省,2019,16.15441905989381,2019年30个省份排放清单.xlsx,Guizhou2019,"Transportation, Storage, Post and Telecommunication Services",1615.4419059893812
贵州省,2020,16.403914572956165,2020年30个省份排放清单.xlsx,Guizhou2020,"Transportation, Storage, Post and Telecommunication Services",1640.3914572956164
贵州省,2021,18.355371303311774,2021年30个省份排放清单.xlsx,Guizhou2021,"Transportation, Storage, Post and Telecommunication Services",1835.5371303311774
贵州省,2022,18.331942275896534,2022年30个省份排放清单.xlsx,Guizhou2022,"Transportation, Storage, Post and Telecommunication Services",1833.1942275896533
辽宁省,2012,34.7527989635968,2012年30个省份排放清单.xlsx,Liaoning2012,"Transportation, Storage, Post and Telecommunication Services",3475.27989635968
辽宁省,2013,32.133765509264876,2013年30个省份排放清单.xlsx,Liaoning2013,"Transportation, Storage, Post and Telecommunication Services",3213.3765509264877
辽宁省,2014,34.92929767417747,2014年30个省份排放清单.xlsx,Liaoning2014,"Transportation, Storage, Post and Telecommunication Services",3492.929767417747
辽宁省,2015,36.67951304911337,2015年30个省份排放清单.xlsx,Liaoning2015,"Transportation, Storage, Post and Telecommunication Services",3667.9513049113366
辽宁省,2016,37.431311023687954,2016年30个省份排放清单.xlsx,Liaoning2016,"Transportation, Storage, Post and Telecommunication Services",3743.1311023687954
辽宁省,2017,38.37700819222912,2017年30个省份排放清单.xlsx,Liaoning2017,"Transportation, Storage, Post and Telecommunication Services",3837.700819222912
辽宁省,2018,37.963943119380374,2018年30个省份排放清单.xlsx,Liaoning2018,"Transportation, Storage, Post and Telecommunication Services",3796.3943119380374
辽宁省,2019,37.696122931232715,2019年30个省份排放清单.xlsx,Liaoning2019,"Transportation, Storage, Post and Telecommunication Services",3769.6122931232717
辽宁省,2020,33.683519900488534,2020年30个省份排放清单.xlsx,Liaoning2020,"Transportation, Storage, Post and Telecommunication Services",3368.3519900488536
辽宁省,2021,35.673560911817546,2021年30个省份排放清单.xlsx,Liaoning2021,"Transportation, Storage, Post and Telecommunication Services",3567.3560911817544
辽宁省,2022,32.18243583281564,2022年30个省份排放清单.xlsx,Liaoning2022,"Transportation, Storage, Post and Telecommunication Services",3218.243583281564
重庆市,2012,14.385247092982281,2012年30个省份排放清单.xlsx,Chongqing2012,"Transportation, Storage, Post and Telecommunication Services",1438.5247092982281
重庆市,2013,15.904015104544035,2013年30个省份排放清单.xlsx,Chongqing2013,"Transportation, Storage, Post and Telecommunication Services",1590.4015104544035
重庆市,2014,14.994073402958668,2014年30个省份排放清单.xlsx,Chongqing2014,"Transportation, Storage, Post and Telecommunication Services",1499.4073402958668
重庆市,2015,17.851140038979608,2015年30个省份排放清单.xlsx,Chongqing2015,"Transportation, Storage, Post and Telecommunication Services",1785.1140038979609
重庆市,2016,19.02229995367942,2016年30个省份排放清单.xlsx,Chongqing2016,"Transportation, Storage, Post and Telecommunication Services",1902.229995367942
重庆市,2017,19.99399959786795,2017年30个省份排放清单.xlsx,Chongqing2017,"Transportation, Storage, Post and Telecommunication Services",1999.399959786795
重庆市,2018,17.886483391867497,2018年30个省份排放清单.xlsx,Chongqing2018,"Transportation, Storage, Post and Telecommunication Services",1788.6483391867496
重庆市,2019,18.47852278847743,2019年30个省份排放清单.xlsx,Chongqing2019,"Transportation, Storage, Post and Telecommunication Services",1847.852278847743
重庆市,2020,17.1506736913831,2020年30个省份排放清单.xlsx,Chongqing2020,"Transportation, Storage, Post and Telecommunication Services",1715.0673691383101
重庆市,2021,17.15928065019352,2021年30个省份排放清单.xlsx,Chongqing2021,"Transportation, Storage, Post and Telecommunication Services",1715.9280650193518
重庆市,2022,14.176615754510944,2022年30个省份排放清单.xlsx,Chongqing2022,"Transportation, Storage, Post and Telecommunication Services",1417.6615754510944
陕西省,2012,18.674207380435874,2012年30个省份排放清单.xlsx,Shaanxi2012,"Transportation, Storage, Post and Telecommunication Services",1867.4207380435873
陕西省,2013,14.416013935922614,2013年30个省份排放清单.xlsx,Shaanxi2013,"Transportation, Storage, Post and Telecommunication Services",1441.6013935922613
陕西省,2014,15.127057300719867,2014年30个省份排放清单.xlsx,Shaanxi2014,"Transportation, Storage, Post and Telecommunication Services",1512.7057300719866
陕西省,2015,14.937172285257486,2015年30个省份排放清单.xlsx,Shaanxi2015,"Transportation, Storage, Post and Telecommunication Services",1493.7172285257486
陕西省,2016,12.953178956017034,2016年30个省份排放清单.xlsx,Shaanxi2016,"Transportation, Storage, Post and Telecommunication Services",1295.3178956017034
陕西省,2017,12.985494488816002,2017年30个省份排放清单.xlsx,Shaanxi2017,"Transportation, Storage, Post and Telecommunication Services",1298.5494488816003
陕西省,2018,14.38389342170446,2018年30个省份排放清单.xlsx,Shaanxi2018,"Transportation, Storage, Post and Telecommunication Services",1438.389342170446
陕西省,2019,14.070685105855167,2019年30个省份排放清单.xlsx,Shaanxi2019,"Transportation, Storage, Post and Telecommunication Services",1407.0685105855168
陕西省,2020,11.826504232912107,2020年30个省份排放清单.xlsx,Shaanxi2020,"Transportation, Storage, Post and Telecommunication Services",1182.6504232912107
陕西省,2021,11.956779265693683,2021年30个省份排放清单.xlsx,Shaanxi2021,"Transportation, Storage, Post and Telecommunication Services",1195.6779265693683
陕西省,2022,10.580087658523325,2022年30个省份排放清单.xlsx,Shaanxi2022,"Transportation, Storage, Post and Telecommunication Services",1058.0087658523325
青海省,2012,2.44271243832544,2012年30个省份排放清单.xlsx,Qinghai2012,"Transportation, Storage, Post and Telecommunication Services",244.27124383254403
青海省,2013,2.5694465417000645,2013年30个省份排放清单.xlsx,Qinghai2013,"Transportation, Storage, Post and Telecommunication Services",256.94465417000646
青海省,2014,2.7533057975339945,2014年30个省份排放清单.xlsx,Qinghai2014,"Transportation, Storage, Post and Telecommunication Services",275.33057975339943
青海省,2015,3.010686104411899,2015年30个省份排放清单.xlsx,Qinghai2015,"Transportation, Storage, Post and Telecommunication Services",301.0686104411899
青海省,2016,3.4713827389152847,2016年30个省份排放清单.xlsx,Qinghai2016,"Transportation, Storage, Post and Telecommunication Services",347.13827389152846
青海省,2017,3.920126337126355,2017年30个省份排放清单.xlsx,Qinghai2017,"Transportation, Storage, Post and Telecommunication Services",392.01263371263553
青海省,2018,4.371247463899059,2018年30个省份排放清单.xlsx,Qinghai2018,"Transportation, Storage, Post and Telecommunication Services",437.1247463899059
青海省,2019,4.524032427580708,2019年30个省份排放清单.xlsx,Qinghai2019,"Transportation, Storage, Post and Telecommunication Services",452.4032427580708
青海省,2020,4.332946813336624,2020年30个省份排放清单.xlsx,Qinghai2020,"Transportation, Storage, Post and Telecommunication Services",433.29468133366237
青海省,2021,4.770341016150283,2021年30个省份排放清单.xlsx,Qinghai2021,"Transportation, Storage, Post and Telecommunication Services",477.0341016150283
青海省,2022,4.9413138618262975,2022年30个省份排放清单.xlsx,Qinghai2022,"Transportation, Storage, Post and Telecommunication Services",494.13138618262974
黑龙江省,2012,17.933726405856802,2012年30个省份排放清单.xlsx,Heilongjiang2012,"Transportation, Storage, Post and Telecommunication Services",1793.3726405856803
黑龙江省,2013,19.37921952616662,2013年30个省份排放清单.xlsx,Heilongjiang2013,"Transportation, Storage, Post and Telecommunication Services",1937.9219526166619
黑龙江省,2014,20.73148063936759,2014年30个省份排放清单.xlsx,Heilongjiang2014,"Transportation, Storage, Post and Telecommunication Services",2073.148063936759
黑龙江省,2015,21.283686128019603,2015年30个省份排放清单.xlsx,Heilongjiang2015,"Transportation, Storage, Post and Telecommunication Services",2128.3686128019604
黑龙江省,2016,21.692254141151956,2016年30个省份排放清单.xlsx,Heilongjiang2016,"Transportation, Storage, Post and Telecommunication Services",2169.2254141151957
黑龙江省,2017,19.913767787473233,2017年30个省份排放清单.xlsx,Heilongjiang2017,"Transportation, Storage, Post and Telecommunication Services",1991.3767787473234
黑龙江省,2018,17.212946714702575,2018年30个省份排放清单.xlsx,Heilongjiang2018,"Transportation, Storage, Post and Telecommunication Services",1721.2946714702575
黑龙江省,2019,17.495316082199412,2019年30个省份排放清单.xlsx,Heilongjiang2019,"Transportation, Storage, Post and Telecommunication Services",1749.5316082199413
黑龙江省,2020,15.363601353477895,2020年30个省份排放清单.xlsx,Heilongjiang2020,"Transportation, Storage, Post and Telecommunication Services",1536.3601353477895
黑龙江省,2021,16.59082904963321,2021年30个省份排放清单.xlsx,Heilongjiang2021,"Transportation, Storage, Post and Telecommunication Services",1659.082904963321
黑龙江省,2022,17.01539563200286,2022年30个省份排放清单.xlsx,Heilongjiang2022,"Transportation, Storage, Post and Telecommunication Services",1701.539563200286
